# Canadian IPv4 ranges, start-end as unsigned decimal, merged and sorted.
# Generated by scripts/ops/generate_ca_ranges.py. Do not edit by hand; regenerate.
#
# Sources: the RIR delegated-extended statistics files, and GeoLite2 where the
# generator was given MaxMind credentials. The registries record who an allocation
# was issued to; GeoLite2 measures where a network answers from, which is what
# places a VPN exit in the country it actually serves.
#
# This product includes GeoLite2 data created by MaxMind, available from
# https://www.maxmind.com
28449280 28449535
28466176 28466431
34645760 34646015
34646528 34646783
35014656 35015679
35312896 35313151
35365120 35365375
37242880 37243903
37297152 37298175
37333248 37333503
37426432 37426943
50473536 50473599
50473664 50473727
50482688 50482943
50487296 50487551
50490368 50490623
50703360 50704383
50723840 50724863
56623104 56885247
61604864 61605055
61617408 61617535
67203072 67203583
67203872 67203872
67204304 67204311
67244032 67244287
67638410 67638410
68096128 68096135
68096144 68096159
68096236 68096236
68096512 68096767
68097080 68097087
68097296 68097299
68169728 68171775
68372992 68373247
68753658 68753659
68978688 68980735
69101568 69102079
69193728 69195775
69573248 69573263
69691082 69691082
69869568 69870591
69879808 69880831
70621288 70621295
71020544 71022591
71035456 71035463
71035484 71035487
71773722 71773722
71801194 71801194
72234032 72234047
72313776 72313783
72315378 72315378
78381056 78577663
80478208 80674815
82116608 82182143
82771968 82837503
83361792 83427327
85393408 85401599
87988224 87990271
90527232 90527487
90562048 90562303
90720256 90720511
90770944 90771199
90772480 90772735
90773248 90773503
90775040 90775295
90775552 90775807
90776064 90776319
90778624 90778879
90783488 90783743
90786560 90786815
90796032 90796287
92632064 92632319
93715456 93715967
94208256 94208511
95789403 95789403
95790080 95791103
95805440 95806463
95807744 95807999
95912192 95912447
99027216 99027455
135603200 135603455
135607040 135607295
136146194 136146194
136146197 136146197
136146215 136146215
136146277 136146277
136146371 136146371
136176727 136176727
136176733 136176733
136176858 136176859
136176864 136176864
136176884 136176884
136177186 136177186
136177188 136177189
136177195 136177195
136177211 136177212
136177233 136177233
136177288 136177288
136177295 136177295
136177320 136177320
136177324 136177324
136177337 136177338
136177361 136177361
136177404 136177404
136177411 136177411
136177437 136177437
136177454 136177454
136177464 136177464
136177471 136177472
136177524 136177525
136177544 136177544
136177576 136177576
136177600 136177600
136177617 136177617
136177648 136177648
136177662 136177662
137102848 137103103
137198848 137199103
137262336 137262847
137667584 137668607
137685248 137685503
146828736 146828751
149112776 149112783
149137786 149137786
149140944 149140951
159462208 159462271
159463232 159463263
159464064 159464079
162004992 162070527
162148352 162150399
162157056 162158079
162170880 162171391
166199296 166203391
166293504 166295551
167337984 167339007
167341056 167342079
220334016 220334079
220353728 220353855
220353920 220353983
220354816 220355135
220359360 220359551
220363008 220363071
220379168 220379199
220382784 220382847
220383520 220383551
220384000 220384063
220384352 220384383
220384512 220384543
220384576 220384639
220386592 220386623
220391456 220391487
220393824 220393855
220395456 220395487
222797824 222806015
223928320 223936511
224930304 224930815
224944456 224944459
224955832 224955839
224958400 224958591
224959104 224959231
224966384 224966399
224966976 224966991
224967488 224967503
224972976 224972991
224974016 224974079
224976832 224976895
224978944 224979455
224984336 224984351
224984512 224984527
224988936 224988939
225007232 225007295
225008020 225008023
225008044 225008047
225008056 225008059
225026432 225026495
225028032 225028095
225031680 225031743
225032832 225032959
225033984 225034111
225042244 225042251
225048576 225048703
225048832 225048959
225052672 225053183
225061376 225061887
225062912 225063423
225080832 225081343
225104848 225104851
225115648 225116159
225163672 225163675
225163728 225163731
225163744 225163747
225165928 225165931
225166084 225166087
227377152 227380223
234375424 234375679
234388992 234389247
260119552 260119807
260125184 260125695
260130816 260131327
261881856 262012927
262017280 262017535
262063616 262063743
262063872 262063999
263127040 263192575
263279616 263279871
263283712 263283967
264112128 264113151
264122368 264126463
264308736 264308991
264437760 264503295
265289728 265355263
266150144 266150399
266207232 266338303
267059200 267124735
267927552 267929599
267960832 267961087
269222912 269223423
269236224 269236991
271843328 271908863
271974400 272105471
279838720 279904255
286398464 286402559
286459904 286463999
286482432 286484479
286527488 286531583
286535680 286537727
286547968 286552063
286558208 286560255
286564352 286566399
286570496 286578687
286580736 286582783
286584832 286588927
286728704 286728959
286961664 286963711
286998528 287002623
287023104 287025151
287049728 287053823
287057920 287059967
287066112 287070207
287082496 287084543
288038976 288039007
288039168 288039199
288131072 288131583
288132096 288133119
288140288 288141311
288151552 288157695
288167424 288167935
288169472 288169983
288178176 288180223
288196608 288197119
288197632 288198143
288212992 288215039
288223232 288227327
292947720 292947723
292960256 292960767
292965632 292965663
301799424 301799935
301807360 301807615
306456320 306456511
306456576 306456639
308477952 308486143
308510720 308514815
336887808 336888319
336889344 336889599
337731840 337732095
337734400 337734655
337736192 337736447
337745664 337745919
337754880 337755135
337756160 337756415
338063872 338063999
338065792 338065919
338071552 338073599
338132992 338137087
338362368 338370559
338634752 338635263
338646784 338647295
338722816 338755583
339487232 339487743
339512832 339513343
339538432 339538943
339673088 339705855
341774592 341774847
341775360 341775615
341777664 341777919
341780480 341782527
341782784 341783295
342360064 342425599
343146496 343212031
344408576 344409087
344438272 344439807
344975360 344976383
345374976 345375103
345378816 345379071
345382656 345382911
345385088 345385215
345392896 345393151
345400320 345400575
345403648 345403903
345440256 345505791
345575168 345575423
345834496 345835007
345835520 345836543
345840128 345840383
345846784 345847039
345862400 345862655
345864448 345864703
345871360 345871615
345874688 345874943
347013120 347078655
348031744 348031999
348037376 348037887
348651520 348684287
349257728 349258239
349259264 349259775
349284352 349284863
349962240 350027775
386228224 386232319
386330624 386334719
386564096 386580479
386924544 387055615
387588096 387588351
387661568 387661823
387664896 387665407
387665920 387666175
387697920 387698175
387700480 387700735
387701248 387702015
387709440 387709695
387825664 387833855
388044800 388045055
388157440 388161535
388486144 388487167
388666880 388667135
388735232 388735487
388756224 388756479
388843520 388844543
388958208 388960255
389120000 389124095
389392384 389393407
389539840 389540095
389699072 389699583
389709568 389709823
389714944 389715967
389718016 389726207
389853184 389854207
391368704 391380991
391757824 391757999
391758072 391758079
391758136 391758143
391758208 391761663
391761920 391762095
391762168 391762303
391762360 391762367
391762432 391765759
391786496 391787007
391860224 391864319
391872512 391888895
391897088 391905279
391937536 391937791
391938048 391946239
392121344 392121599
392666432 392666463
392687296 392687359
392687616 392687743
392806400 392814591
392855552 392863743
393166848 393170943
394264576 394264831
394267648 394267903
394275840 394276095
394285056 394285311
394285568 394285823
394288128 394288383
394305536 394305791
394311680 394311935
394315776 394316031
394321920 394322175
394323968 394324223
394334208 394334463
394338304 394338559
394339328 394339583
394357760 394358015
394381312 394381567
394389504 394389759
394398720 394398975
394403840 394404095
394430464 394431487
394449920 394450175
394459136 394459391
394465280 394465535
394469376 394469631
394471424 394471679
394489856 394490111
394491904 394492159
394533888 394534143
394554368 394554623
394564608 394564863
394571776 394572031
394575872 394576383
394577920 394578175
394590208 394590463
394602496 394602751
394607616 394607871
394608640 394608895
394620928 394621183
394635264 394635519
394645504 394645759
394648576 394648831
394655752 394655759
394655872 394655999
394657536 394657791
394665984 394666239
394670080 394670335
394679296 394679551
394686464 394686719
394698752 394699007
394719232 394719487
394745856 394746111
394746880 394747135
394747904 394748159
394760192 394760447
394768384 394768639
394809344 394809599
394809856 394810111
394841088 394841343
394843136 394843391
394850304 394850559
394854400 394854655
394868992 394869247
394874880 394875135
394909696 394909951
394913792 394914047
394932224 394932479
394936320 394936831
394946560 394946815
394952704 394953215
394989568 394989823
395018240 395018495
395022336 395022591
395024384 395024639
395038720 395038975
395051008 395051263
395064320 395064575
395070464 395070719
395073536 395073791
395081728 395081983
395084800 395085055
395092992 395093247
395110400 395110655
395137024 395137279
395143168 395143423
395147264 395147519
395149312 395149567
395153408 395153663
395159552 395159807
395180032 395180287
395182080 395182335
395219200 395219455
395240448 395240703
395241472 395241727
395261952 395262207
395262976 395263231
395268096 395268351
395275264 395275519
395276288 395276543
395295744 395295999
395302912 395303167
395311104 395311359
395315200 395315455
395324416 395324671
395338752 395339007
395345920 395346175
395374592 395374847
395405560 395405567
395416576 395416831
395451392 395451647
395452416 395452671
395458560 395458815
395479040 395479295
395488256 395488511
395489280 395489535
395493376 395494399
395530240 395530495
395567104 395569151
395579392 395579647
395599872 395600127
395608064 395608319
395624448 395625471
395635712 395635967
395651072 395651327
395672576 395673087
395673600 395674111
395679744 395679999
395684864 395685119
395685888 395686143
395687936 395688191
395706368 395706623
395709440 395709695
395721728 395721983
395738112 395738367
395743232 395743487
395753472 395753727
395761664 395761919
395771904 395772159
395784192 395784447
395796480 395796735
395804672 395804927
395807744 395807999
395821056 395821567
395871232 395871487
395872256 395872511
395884544 395884799
395900928 395901183
395915264 395915519
395927552 395927807
395935744 395935999
395936768 395937023
395943936 395944191
395961344 395961599
395968512 395969279
395970816 395971071
395976704 395976959
395988992 395989503
396001280 396001535
396003328 396003583
396017664 396017919
396021760 396022015
396045312 396045567
396048384 396048639
396050432 396050687
396066816 396067839
396070912 396071167
396103680 396103935
396105728 396106239
396120064 396120319
396140544 396140799
396144640 396144895
396158976 396159231
396199936 396200191
396231680 396231935
396235776 396236031
396239872 396240127
396242944 396243199
396263424 396263679
396300288 396300543
396309504 396309759
396320768 396321023
396324864 396325119
396333056 396333311
396357632 396357887
396370048 396370055
396370096 396370103
396371968 396372223
396374016 396374783
396384256 396384511
396385280 396385535
396400640 396400895
396406784 396407039
396411904 396412159
396423168 396423423
396443648 396443903
396490752 396491007
396507136 396507391
396508160 396508415
396538880 396539135
396539904 396540415
396544000 396544255
396552192 396552703
396554240 396555263
396571648 396571903
396588032 396588287
396604416 396604671
396607488 396607743
396616704 396616959
396636160 396636415
396647424 396647679
396648448 396648703
396666880 396667135
396668928 396669183
396677120 396677375
396678144 396678399
396687360 396687615
396688384 396688639
396707840 396708351
396709888 396710143
396732416 396732671
396754944 396755199
396763136 396763391
396767232 396767487
396826624 396827135
396836864 396837119
396863488 396863743
396877824 396878079
396888064 396888319
396890112 396890367
396896256 396896511
396900352 396900607
396939264 396939519
396949504 396949759
396959744 396959999
397021184 397021439
397025280 397025791
397041664 397041919
397064192 397064447
397115392 397115647
397123584 397123839
397135872 397136127
397144064 397144319
397146112 397146367
397150208 397150463
397185024 397185279
397201408 397201663
397205504 397205759
397209600 397209855
397225984 397226239
397236224 397236479
397240320 397240831
397250560 397250815
397303808 397304063
397316096 397316351
397334528 397334783
397336576 397336831
397352960 397353215
397377536 397377791
397406208 397406463
397410304 397410559
397459456 397459711
397512704 397512959
397516800 397517055
397541376 397541887
397557760 397558015
397617152 397617407
397647872 397648127
397666304 397666559
397688832 397689087
397692928 397693183
397699072 397699327
397770752 397771007
397803520 397803775
397805568 397805823
397821952 397822207
397824000 397824511
397832192 397832447
397918208 397918719
397998080 397998335
398006272 398006783
398034944 398035199
398080000 398080255
398086144 398086399
398112768 398113023
398217216 398217471
398223360 398223615
398241792 398242047
398266368 398266623
398292992 398293247
398360576 398360831
398379088 398379103
398413824 398414079
398426112 398426623
398471168 398473215
398575104 398575615
398791680 398792191
399100928 399101951
399171584 399172607
399193856 399194111
399214080 399214335
399376128 399376383
399528960 399529215
399893760 399894271
399919104 399919615
400111104 400111359
400223744 400224255
400317440 400318463
400359424 400363519
400392192 400393215
400410112 400410367
400429312 400429567
400494848 400495103
400498944 400499199
400740352 400740607
400743168 400743423
400760832 400769023
400785408 400793599
400805888 400807935
400883712 400916479
401018368 401018623
401019904 401020415
401022976 401023487
401145856 401211391
401232896 401233919
401242112 401243135
401293312 401297407
401375232 401407999
401425408 401426431
401547264 401555455
401584896 401585023
402034688 402035711
402044928 402045951
402097664 402097919
402105344 402107391
402112512 402114559
402128128 402128383
402128896 402169855
402223104 402227199
402235648 402235903
402236160 402236671
402238720 402239487
402243584 402247679
402268800 402268927
402279936 402280063
402284400 402284415
402366464 402374655
402399232 402403327
402415616 402419711
402448384 402452479
402532352 402532863
402536928 402536959
402549504 402549759
402552328 402552351
402552368 402552447
405012480 405143551
405180416 405184511
405798912 405831679
405843968 405848063
405921792 405929983
405938176 405962751
405970944 405979135
406052864 406061055
406110208 406142975
406147072 406159359
406183936 406216703
406306816 406323199
406388736 406454271
406847488 407408639
407613440 407617535
407633920 408420351
408502272 408518655
408535040 408551423
409255936 409272319
409337856 409354239
409509888 409518079
409550848 409567231
409731072 409862143
410124288 410189823
410648576 410714111
411156480 411160575
411164672 411168767
411639808 411664383
411680768 411688959
411697152 411746303
411762688 411770879
411885568 411975679
411979776 411983871
412057600 412073983
412221440 412254207
412483584 412549119
412680192 412688383
412704768 412708863
412909568 412942335
412958720 413007871
415760384 416022527
416059392 416063487
416071680 416088063
416170240 416170495
416172544 416173055
416177664 416178175
416219136 416251903
416546816 416612351
416628736 416636927
416743424 416776191
417202176 417267711
417366016 417398783
417431552 417529855
417775616 417796095
417808384 417820671
418055936 418056191
418062336 418070527
418078720 418119679
418316288 418320383
418360576 418360831
418362624 418362879
418363904 418364159
418364416 418364671
418364928 418365183
418643968 418668543
418672640 418676735
418693120 418709503
418766848 418770943
418775040 418799615
520490625 520490625
520966144 520966399
521000448 521000703
523798784 523799039
523839744 523840255
523850240 523850495
525121024 525121535
525122048 525122559
533469696 533469951
533476608 533476863
533660160 533660671
534348832 534348863
534697984 534698495
534701568 534701823
539648377 539648377
540819456 540835839
541109248 541109279
543222352 543222399
543223296 543223359
543223408 543223415
543223488 543223535
543524608 543524863
543526144 543526399
543590144 543591423
543591680 543591935
543592192 543592703
544021504 544021599
544076928 544076943
544077440 544077455
544077696 544077711
544423936 544440319
551947264 551947775
551948544 551949055
551949312 551950079
551954432 551955711
551956992 551957247
552008192 552008447
552009216 552009727
570433536 570437631
571703296 571768831
572712960 572713215
572717056 572717311
573505536 573521919
576651264 576667647
576933888 576935935
576999424 577001471
577191936 577192959
577260544 577261567
577270272 577270783
578191360 578207743
578554880 578555903
578564608 578565119
578580480 578584575
578823424 578823679
578824704 578825215
578826496 578826751
578828800 578829311
578945024 579010559
580386816 580403199
580404480 580404735
580411776 580411903
580779776 580780031
582041984 582042111
582423808 582424063
582425856 582426111
582437632 582437887
582448640 582448895
582489600 582489855
582491648 582491903
582502912 582503167
582513920 582514175
582664192 582672383
590755072 590755327
590756096 590756351
591886080 591886335
591887104 591887359
593633280 593637375
593645568 593649663
599130112 599261183
600506368 600539135
601292800 601309183
601631488 601631743
602599424 602603519
603073280 603073535
622055680 622055935
622056192 622056959
623060224 623060479
624625849 624625849
628654592 628654847
628673792 628674047
628681984 628682239
628790528 628790783
630161408 630162431
635268608 635268863
637278976 637279231
637329920 637330175
637705216 637706239
637747200 637751295
637755392 637763583
638009344 638013439
638020672 638020703
638020784 638020799
638140416 638148607
638148649 638148649
638402560 638410751
638434304 638434559
638435328 638443519
638533632 638550015
638553344 638553599
638554112 638556159
638560256 638564351
638653440 638653919
638653928 638654463
638660352 638660607
638662656 638664703
638738432 638748671
638754816 638763007
638815296 638815303
638871552 638873599
638877696 638879231
638879744 638879999
638880256 638880767
638882816 638883839
638889984 638890495
638891008 638892031
638894080 638896127
638898176 638903551
638903808 638904319
638905344 638910463
638922752 638924799
638957568 638959615
638992896 638994431
638994688 638994743
638994760 638994767
638994784 638994815
638994880 638994883
638994896 638994911
638995968 638996479
639002624 639004415
639004432 639004511
639006976 639007231
639057920 639066111
639074304 639107071
639238144 639303679
639441920 639442031
639442072 639451135
639467520 639471615
639482112 639482367
639484160 639484415
639484672 639484927
639486512 639486519
639489024 639489535
639510560 639510567
639510608 639510615
639533056 639541247
639631360 639632383
639645696 639646127
639646144 639646343
639646352 639646375
639646384 639646719
639671296 639672319
639689216 639689727
639690240 639690751
639690776 639690783
639690800 639691775
639770624 639787007
639827968 639844351
639877120 639885311
640094208 640096255
640106496 640122879
640124928 640126975
640131072 640135167
640139264 640143359
640180224 640188415
640252800 640252927
640274432 640278527
640380928 640382975
640383408 640383415
640393216 640401407
640419840 640421887
640423936 640425983
640483328 640487935
640488192 640491519
640534528 640535551
640540672 640542719
640571168 640571175
640586752 640587187
640587192 640587263
640587776 640588111
640588800 640589311
640786432 640794623
640798720 640802815
640889344 640889599
640989184 640991231
641155072 641157119
641268736 641269759
641275904 641276671
641276680 641276767
641276784 641276791
641276800 641276863
641276928 641277951
641360824 641360831
641396480 641396543
641396696 641396703
641441792 641449983
641544192 641556479
641597440 641630207
641737728 641737791
641737984 641738495
641738752 641740799
641761424 641761471
641761504 641761519
641761528 641761791
641763072 641763327
641764096 641765887
641766400 641768191
641769216 641771135
641771144 641771175
641771184 641772031
641772096 641772287
641773056 641773567
641775616 641778175
641778688 641779711
641780224 641780735
641781760 641783807
641785088 641785343
641785600 641785855
641790976 641794047
641857536 641858559
641876112 641876127
641998992 641999007
642088960 642089983
642090496 642090655
642090688 642091007
642091264 642091439
642092032 642092287
642092352 642092479
642092544 642092799
642092864 642093055
642093312 642094079
642094592 642094847
642096128 642096639
642096768 642096895
642097408 642097919
642098176 642099199
642099712 642103295
642104320 642104831
642105088 642105343
642109440 642111487
642125824 642125831
642128512 642128519
642128620 642128623
642156544 642157311
642157568 642157823
642158592 642168831
642169600 642170879
642188528 642188543
642199272 642199279
642383872 642384127
642384384 642396159
642396176 642396415
642396672 642397183
642399232 642400255
642458624 642459647
642482304 642482367
642527496 642527503
642686160 642686167
642697984 642698111
642711600 642711615
642728064 642728127
642777344 642777351
642793984 642794239
642794496 642795519
642796032 642796287
642797824 642798591
642800640 642809855
642861312 642861319
642861336 642861343
642892096 642892159
642913396 642913399
642979424 642979427
642984900 642984903
642984952 642984959
643145728 643153919
643170304 643178495
643212560 643212567
643244088 643244095
643250688 643250943
643253320 643253327
643257856 643258111
643302912 643303165
643303168 643303351
643303360 643303423
643314320 643314327
643317760 643317831
643317840 643319551
643319808 643320319
643320576 643320895
643320960 643321311
643321344 643322111
643322144 643322239
643322368 643322879
643323136 643324159
643325952 643330047
643332096 643332607
643333120 643333631
643346440 643346535
643346544 643346611
643346614 643346879
643346882 643346943
643352800 643352803
643354000 643354007
643355144 643355151
643355516 643355519
643362556 643362559
643362816 643362947
643362952 643363327
643366016 643366023
643366296 643366303
643366344 643366351
643403008 643403135
643403776 643405823
643513944 643513951
643644672 643644927
643705152 643705159
643729360 643729367
643733928 643733935
643737648 643737655
643761584 643761591
643785472 643785479
643802624 643802879
643804416 643804671
643828352 643828383
643859552 643859583
643859696 643859703
643864576 643864831
643869696 643869759
643869768 643869807
643869816 643869951
643871288 643871295
643877184 643877247
643880472 643880479
643882240 643882495
643890688 643890943
643908620 643908623
643919584 643919615
643951976 643951983
643956808 643956823
643993120 643993127
643998360 643998367
644023072 644023087
644032484 644032487
644033584 644033591
644041216 644041343
644043072 644043079
644055040 644055103
644055248 644055255
644055288 644055847
644055856 644055927
644055936 644057191
644057200 644057327
644057344 644057599
644057856 644058111
644058120 644058143
644058272 644058295
644058304 644058335
644058400 644058407
644058432 644058479
644058528 644058591
644058624 644058879
644058944 644058975
644059008 644060911
644060920 644061407
644061416 644061631
644061680 644063327
644063336 644063679
644063696 644063815
644063848 644063855
644063872 644063999
644064024 644064031
644064128 644064191
644064224 644064231
644064240 644064247
644064256 644065023
644065056 644065535
644066336 644066583
644066592 644067319
644067328 644068095
644068128 644069735
644069760 644069863
644069872 644070175
644070184 644070783
644070800 644071423
644071788 644071791
644072804 644072807
644073688 644073691
644075464 644075467
644076848 644076851
644079020 644079023
644079392 644079395
644085248 644085255
644126392 644126399
644130472 644130479
644132704 644132711
644194334 644194334
644194340 644194340
644194900 644194901
644198424 644198431
644216576 644216831
644235264 644235519
644235528 644237503
644237568 644238335
644239360 644240555
644240557 644244991
644245248 644245503
644249600 644251647
644256536 644256543
644269048 644269051
644301000 644301001
644301406 644301407
644301860 644301861
644302906 644302907
644303146 644303147
644303336 644303337
644303362 644303363
644303901 644303901
644314048 644314051
644323328 644323351
644323360 644323471
644323480 644324191
644324200 644324351
644324864 644325375
644327168 644327423
644364360 644364363
644365264 644365271
644368328 644368335
644368556 644368559
644371592 644371599
644375344 644375347
644381672 644381679
644386464 644386471
644388864 644390215
644390220 644390267
644390272 644390379
644390384 644390479
644390482 644390883
644390888 644390911
644396396 644396399
644397960 644397963
644399104 644399375
644399384 644399399
644399408 644399415
644399422 644399471
644399480 644399487
644399496 644399559
644399568 644399615
644403200 644403243
644403248 644403695
644403712 644403719
644403728 644403775
644403784 644403791
644403808 644403839
644403846 644403855
644403872 644403887
644403908 644403911
644403920 644403943
644403984 644404063
644404080 644404095
644404104 644404111
644404116 644404117
644404128 644404143
644404152 644404159
644404176 644404177
644404180 644404181
644404208 644404223
644407296 644407303
644407312 644407315
644407336 644407347
644407352 644407367
644407372 644407427
644407440 644407455
644407464 644407467
644407480 644407487
644407496 644407519
644407536 644407567
644407576 644407615
644407628 644407631
644407640 644407799
644407808 644408319
644409936 644409943
644413962 644413963
644413968 644413971
644413976 644413983
644414012 644414015
644414032 644414039
644414056 644414095
644414144 644414295
644414300 644414463
644414976 644414983
644474016 644474019
644490536 644490543
644490788 644490791
644491224 644491231
644528560 644528567
644539352 644539359
644581376 644583167
644602880 644603135
644614288 644614295
644622976 644622991
644628480 644628735
644628768 644628775
644628784 644628799
644628992 644629247
644629392 644629407
644629792 644629823
644630016 644630271
644630472 644630479
644630528 644632319
644632352 644632359
644632384 644632415
644632448 644632831
644633088 644635903
644636160 644636671
644646080 644646087
644717456 644717463
644718656 644718663
644718720 644718943
644719360 644719615
644720128 644720639
644721152 644721159
644722864 644722879
644759552 644761391
644761400 644761599
644763648 644763655
644763776 644763783
644763912 644763935
644763968 644764031
644764672 644765695
644766720 644766751
644766912 644766975
644767184 644767199
644767208 644767487
644769792 644770815
644772864 644773559
644773568 644773887
644774400 644774655
644775872 644775887
644775920 644775935
644798312 644798319
644816976 644816991
644833280 644833535
644834048 644834895
644834912 644835071
644835328 644836863
644837120 644838655
644838664 644838767
644838776 644838911
644839424 644839679
644840960 644841087
644874240 644874291
644874296 644874297
644874299 644874431
644874436 644874455
644874460 644874527
644874532 644874587
644874592 644874639
644874644 644874831
644874836 644874843
644874848 644874871
644874876 644874951
644874956 644875019
644875024 644875147
644875152 644875215
644875220 644875375
644875380 644875411
644875416 644875515
644875520 644875571
644875576 644875635
644875640 644875783
644875788 644875975
644875980 644875983
644875988 644876051
644876056 644876091
644876096 644876123
644876128 644876199
644876204 644876259
644876268 644876283
644876288 644876527
644876532 644876571
644876576 644876739
644876744 644876747
644876752 644877207
644877212 644877383
644877388 644877451
644877456 644877463
644877468 644877615
644877624 644877639
644877644 644877931
644877936 644878115
644878120 644878131
644878136 644878335
644879292 644879295
644879328 644879331
644879628 644879631
644879728 644879731
644882160 644882163
644886528 644888767
644888832 644889375
644889408 644889599
644890624 644907007
644980736 644980847
644980872 644981247
644981504 644982399
644982784 644984831
644985856 644987151
644987160 644987167
644987184 644987199
644987232 644987391
644987648 644988927
645140480 645143551
645144576 645145799
645145808 645146111
645146368 645169151
645177344 645185535
645185792 645201919
645218816 645219071
645219328 645220095
645220352 645222911
645223448 645223455
645223488 645223503
645223576 645223583
645223616 645223647
645223680 645223967
645224064 645224095
645224144 645224159
645224448 645224703
645225216 645225503
645225600 645225663
645225696 645225703
645225984 645226495
645227136 645227263
645227520 645228543
645228560 645228575
645228672 645228735
645229056 645229279
645229296 645229495
645229504 645229567
645229616 645229623
645229824 645230335
645230592 645231615
645233152 645233919
645234432 645234687
645400200 645400207
645409792 645409801
645410304 645410309
645410312 645410333
645410336 645410353
645410356 645410369
645411840 645411841
645416960 645416965
645425152 645425153
645433112 645433119
645441408 645441413
645474144 645474151
645478912 645479167
645482496 645482511
645482560 645482591
645483008 645483311
645483360 645483391
645483520 645484031
645511440 645511447
645533952 645533961
645533976 645533983
645533998 645534007
645534032 645534039
645540352 645540451
645540453 645540487
645540496 645540863
645541736 645541743
645542044 645542047
645542132 645542135
645547008 645547015
645547024 645547031
645547040 645547047
645547056 645547063
645547072 645547087
645547096 645547103
645547112 645547127
645547136 645547143
645547160 645547167
645547176 645547183
645547200 645547207
645547216 645547231
645547240 645547383
645547388 645548031
645550024 645550031
645552480 645552487
645554176 645554203
645554208 645554687
645554692 645556223
645562300 645562303
645576704 645576727
645576736 645577215
645587972 645587975
645587984 645587991
645588484 645588991
645592232 645592239
645608032 645608063
645608308 645608311
645631384 645631391
645777704 645777711
645848592 645848831
645874000 645874007
645874304 645874311
645874352 645874367
645874400 645874415
645874432 645874687
645875264 645875271
645877000 645877007
645879040 645879071
645879168 645879295
645982208 645986303
645988352 645988863
645989632 645989887
645990912 645991167
645991232 645991247
645991680 645992703
645992960 645996543
645999616 646000127
646001728 646002175
646002432 646003455
646083072 646083079
646083264 646083327
646083584 646083839
646084096 646086655
646093784 646093791
646135808 646153215
646160384 646164479
646166528 646168575
646180096 646180351
646195561 646195561
646195712 646195967
646197248 646201343
646258688 646262783
646264832 646266879
646299136 646299647
646402816 646403071
646405632 646405887
646406912 646407167
646414336 646414343
646414352 646414367
646414400 646414463
646414848 646415359
646420480 646421503
646427392 646427647
646711300 646711315
646711328 646711335
646711344 646711351
646711368 646711375
646711384 646711423
646711432 646711439
646711464 646711487
646711496 646711519
646711528 646711551
646711560 646711567
646711576 646711607
646711616 646711631
646711640 646711663
646711680 646711751
646711760 646711767
646711776 646711899
646711904 646712319
646718048 646718055
646720664 646720671
646721024 646721087
646721096 646721535
646722704 646722711
646734888 646734911
646734944 646734951
646735000 646735007
646735056 646735063
646735088 646735103
646735160 646735167
646735176 646735191
646735216 646735223
646735328 646735335
646735352 646735359
646764544 646764615
646764624 646764639
646764648 646764663
646764672 646765985
646765987 646766591
646767416 646767423
646807552 646815743
646818304 646819583
646823936 646832127
646840320 646840567
646840576 646840767
646840776 646841343
646842376 646842383
646842392 646842399
646842416 646842423
646842432 646842447
646842472 646842495
646842528 646842535
646842544 646842559
646842576 646842591
646842640 646842679
646842688 646842703
646842720 646842727
646842752 646842759
646842768 646842775
646842800 646842807
646842816 646842831
646842840 646842847
646842872 646842879
646842896 646842903
646842912 646842919
646842960 646842975
646842984 646842991
646843016 646843031
646843056 646843079
646843104 646843111
646843120 646843127
646843136 646843159
646843176 646843183
646843200 646843207
646843216 646843239
646843288 646843295
646843304 646843311
646843328 646843335
646843360 646843367
646843412 646844415
646852728 646852735
646852880 646852887
646853616 646853623
646855680 646856703
646859064 646859071
646862848 646863871
646877424 646877431
646880304 646880311
646884664 646884679
646914048 646915839
646916096 646921215
646938880 646939519
646939568 646939583
646939648 646940239
646940248 646940271
646940352 646940927
646941312 646941375
646941440 646941695
646941952 646943487
646943744 646944511
646955008 646963199
646963456 646963711
647058688 647058943
647059968 647060479
647063552 647065599
647094272 647102463
647170048 647171327
647229440 647233535
647567872 647568127
647577600 647591423
647619328 647625471
647627264 647627519
647628288 647628543
647628800 647629311
647629824 647630079
647632384 647632639
647636992 647637247
647638272 647638527
647641344 647641599
647642368 647642623
647643136 647643647
647645952 647646015
647647488 647647551
647647744 647647807
647648256 647649791
647650048 647650111
647653888 647653919
647658496 647658511
647658752 647658767
647660032 647660799
647661056 647661311
647662592 647662847
647670528 647670783
647671040 647671295
647671552 647671807
647678208 647678719
647683072 647683583
647685376 647686143
647686912 647687167
647689728 647689983
647690496 647691007
647888896 647897087
647964160 647964415
647983104 647983359
648200192 648216575
648843264 648845311
648863744 648871935
648937472 648945663
648953856 648970239
649015296 649019391
649035776 649043967
649333760 649334271
649362944 649363455
649384448 649384959
649723904 649732095
649736192 649740287
649850880 649851391
649853440 649853695
649869824 649870335
649994240 650002431
650020096 650020351
650082304 650082815
650117120 650117777
650117779 650182655
650297344 650301439
650606592 650607615
650623744 650623999
651116544 651132927
652278272 652278527
652347392 652347903
653277952 653278207
653312000 653321215
653697720 653697727
653698048 653698303
653788184 653788191
653791488 653791743
653968896 653969151
654114816 654131199
675320272 675320287
675320528 675320543
675321248 675321279
675321760 675321791
675324288 675324543
675430440 675430447
675635200 675643391
676321280 676321791
676341760 676343807
676392960 676397055
676503552 676511743
676708352 676724735
676773888 676790271
676921344 676929535
676991360 676991391
677019648 677019663
677022240 677022303
677023648 677023679
677025632 677025663
677026912 677026943
677144832 677145343
677188096 677188607
677258496 677258751
677342208 677342719
677382752 677382815
677384992 677385167
677385920 677385935
677389280 677389439
677451008 677451263
677461248 677461439
677464320 677464511
677606656 677607167
677612800 677612831
677618336 677618431
677618592 677618815
677634704 677634943
677637008 677637023
677637184 677637279
677637600 677637631
677638360 677638375
677683200 677685247
677740544 677742591
677905248 677905263
677905296 677905311
677940480 677940735
677941504 677941759
677942272 677942527
677950208 677950463
677972480 677972735
677973760 677974015
677981952 677982207
677984256 677984511
677987072 677987327
678130432 678130943
678150144 678151167
678151424 678151935
678206208 678206463
679000064 679000711
679348992 679349247
679354624 679355135
682622976 682754047
686374912 686391295
692940800 692941311
692941568 692942847
707649536 707649791
737367040 737368063
739822592 739822847
740165120 740165375
740171008 740171199
740171232 740171263
740173568 740173823
740175360 740175615
740177152 740177407
740194048 740194303
740197376 740197631
740200960 740201215
740207872 740208127
740208896 740209151
740209408 740209663
740212736 740213247
740230144 740230399
740231680 740232959
740235776 740236031
740237568 740237823
740238592 740238847
740244992 740245503
740258304 740258559
740261120 740261375
740261632 740261887
740270592 740270847
740276480 740276735
740277248 740277503
740278784 740279295
740283904 740284415
740336384 740336639
740340736 740341759
740343819 740343819
740347904 740356095
740358144 740358655
742195223 742195223
742195244 742195244
742195316 742195316
742195320 742195320
742196028 742196031
742197080 742197087
742197160 742197167
742197256 742197263
742199088 742199103
742200336 742200351
742200944 742200959
742201320 742201327
742201424 742201455
742201728 742201855
742326309 742326309
742326355 742326355
742326358 742326358
742326375 742326375
742326404 742326404
742326435 742326435
742326554 742326555
742327172 742327175
742328072 742328079
742328096 742328111
742328216 742328223
742328288 742328295
742328584 742328591
742328608 742328615
742328840 742328847
742329072 742329079
742330816 742330863
742330912 742330927
742331360 742331375
742331504 742331519
742332176 742332191
742334240 742334271
742334912 742334975
742335296 742335327
742358912 742359167
747044864 747054591
747054848 747059007
747059024 747061247
747061760 747110399
750288896 750321663
755105792 755179519
755183104 755183359
755548160 755548415
755718144 755719167
755723167 755723167
755776512 755776767
755807232 755807487
755854336 755854591
755976704 755976959
757185536 757185791
757187328 757187583
757188608 757189119
757466368 757466623
757472256 757472511
757478674 757478674
757480192 757480447
757480704 757480959
757481984 757482239
757483008 757483519
757484800 757485311
757486592 757486847
757492736 757492991
757495296 757495551
757509120 757509375
757517066 757517066
757517151 757517151
757517303 757517303
757528320 757528575
757529088 757529343
757531904 757532159
757532928 757533183
757533952 757534207
757535232 757535487
757546240 757546495
757548032 757548287
757553152 757553663
757555456 757555711
757556992 757557247
757558544 757558544
757558764 757558764
757561344 757561599
757564672 757564927
757571584 757571839
757574915 757574915
757575038 757575038
757575936 757576191
757592840 757592840
757594401 757594401
757594413 757594413
757594455 757594455
757594462 757594462
757594506 757594506
757594531 757594531
757594550 757594550
757594565 757594565
757612544 757616639
757662720 757662975
757663488 757663743
757668864 757669887
757710848 757711359
757712896 757713407
757715456 757715967
757722112 757723135
757729280 757731071
757733376 757734399
757736448 757737471
757745664 757747711
757751808 757761023
757770240 757770751
757774336 757775359
757776384 757777407
757779968 757780223
757783552 757784575
757788672 757789695
757858304 757956607
757961728 757961983
757964800 757965823
757967362 757967362
757967872 757968895
757987328 757988351
758700032 758702079
758780416 758781183
758781952 758782463
758782720 758783231
758783488 758783999
758785024 758785535
758796288 758804479
758859776 758861823
758865920 758866943
758886400 758887423
758889472 758890495
758972416 758976511
758979594 758979594
758980608 758982655
758984960 758985215
759054336 759070719
759086336 759086847
759087104 759095295
759381504 759382015
759421952 759422015
759719424 759719679
759721728 759721983
759726080 759791615
759802368 759802623
759802880 759803135
759827200 759827455
759832576 759832831
759840768 759844863
759848960 759857151
760086528 760107007
760111104 760119295
760127488 760135679
760181760 760182015
760321024 760322047
760322560 760322815
760353792 760354815
760525312 760525567
760790528 760790783
760871168 760871423
760929792 760930047
760944384 760944639
760951296 760951551
761011200 761012223
761210112 761210879
761217024 761217279
762503168 762504191
763514880 763515135
763626240 763626495
763695104 763696127
763737600 763737855
763757568 763758591
763786240 763787263
763825152 763826175
763905024 763905279
763927040 763927295
763988992 763990015
764344320 764345343
764531712 764532735
764626944 764627967
764675840 764676095
764700416 764700671
764765184 764765439
764951040 764951551
765119488 765119743
767572736 767572991
767573760 767574015
767795456 767795711
767965696 767965951
769713408 769713663
769720064 769720319
770464758 770464758
771259392 771260415
772833280 772834303
773919744 773919999
778481920 778482687
783202304 783204351
785014784 785015039
785095168 785095423
785095936 785096191
785103104 785103359
785104384 785104639
785115904 785116159
787734016 787734271
787736320 787736575
787739136 787739903
787869696 787871743
788044288 788044295
788044354 788044354
788420608 788421631
792068096 792199167
818945024 818945279
818950400 818950655
818959616 818959871
818961152 818961407
819206144 819206655
819232768 819233279
819271680 819272191
839015936 839016447
839044352 839044607
839065856 839066111
839085056 839085311
839094016 839094271
839275008 839275519
839315456 839316991
840241152 840243199
840253440 840255487
840269824 840273919
840278016 840282111
840294400 840298495
840865792 840866047
843055104 843644927
844890112 844988415
844996608 845000703
845283328 845545471
846334720 846334975
846342144 846342399
846377216 846377471
846421760 846422015
846442496 846446591
846539776 846540031
846546666 846546666
846546819 846546819
846546821 846546821
846546888 846546888
846550016 846550527
846561280 846594047
846649088 846649343
850097360 850097367
855972352 855972607
855977984 855978239
860815360 860880895
866189312 866254847
868354048 868356095
868398336 868398591
868415232 868415743
870187008 870252543
871437312 871437567
875442432 875442559
876347392 876412927
878511360 878511615
878521728 878521855
878529280 878529535
878542788 878542789
878559680 878559691
878579200 878579455
878592000 878593023
878596096 878604287
878626432 878626447
878639312 878639327
878639664 878639679
878678272 878679039
878689792 878690047
878705152 878705407
878719552 878719631
878719744 878720255
878729344 878729471
878737728 878737759
878746840 878746871
878748640 878748671
878753584 878753727
878754128 878754175
878754432 878754463
878755488 878755519
878755728 878755743
878755760 878755775
878755840 878755903
878755936 878755967
878756096 878756111
878756128 878756159
878757984 878758015
878758272 878758399
878759776 878759807
878760064 878760511
878760544 878760575
878760704 878760767
878760800 878760831
878760960 878760991
878761344 878761519
878761600 878761983
878763872 878764191
878765200 878765215
878765584 878765631
878765648 878765727
878765744 878765967
878768688 878768703
878769248 878769263
878769536 878769663
878794240 878794495
879025408 879025919
879082752 879083775
879101016 879101023
879101056 879101087
879101120 879101127
879101248 879101311
879102832 879102847
879103040 879103103
879103216 879103231
879103248 879103263
879128256 879128319
879128576 879128703
879136768 879137279
879170048 879170559
879200000 879200255
879202304 879202559
879234560 879235071
879241216 879241471
879243008 879243263
879243520 879243775
879244544 879244799
879245056 879245567
879250432 879250687
879262464 879262975
879269888 879270911
879278080 879278335
879280640 879281151
879289856 879290111
879365376 879365887
879392832 879392895
879429376 879429631
879486976 879487007
879487040 879487071
879491968 879492031
879503872 879504383
879514624 879514879
879542528 879542783
879552512 879553023
879582208 879584255
879627968 879628031
879628288 879628415
879747584 879747839
879753984 879754239
879772544 879772671
879804928 879805183
879817472 879817727
879927296 879929343
879942656 879943679
880216832 880217087
880483840 880484095
880523008 880523519
880533536 880533567
880540544 880540607
880541440 880541471
880543744 880545791
880548864 880549119
880549376 880549887
880553984 880556031
880557568 880557823
880558080 880574463
880807936 880808191
880872192 880872447
880874752 880875007
880876544 880877567
880878080 880878591
881333760 881334271
881335040 881335295
881459200 881475583
881524736 881557503
881859328 881859583
881903488 881903551
881903936 881904063
882573312 882581503
882638848 882647039
887357440 887390207
887439360 887455743
887652352 887654399
887685120 887701503
887816192 887832575
887947264 887963647
888116288 888116351
888120448 888120511
888126720 888127103
888274944 888291327
888478720 888480767
888576000 888578047
888898048 888898559
889046016 889046271
908525568 908591103
921633024 921633039
941770752 941771775
946864128 946929663
961380352 961413119
965083136 965148671
965485568 965485823
965486336 965486591
966145536 966146047
967002880 967003647
967003904 967004159
967004416 967004671
968631808 968632063
1023979520 1023983615
1039885140 1039885143
1040393216 1040393471
1043497088 1043497095
1043513344 1043529727
1046324992 1046325247
1050981632 1050981695
1051296000 1051296255
1051297536 1051297791
1051303424 1051303935
1063057433 1063057433
1064558666 1064558666
1065737472 1065737727
1065811968 1065820159
1065855744 1065855999
1066213632 1066213887
1066219776 1066220031
1066260712 1066260715
1066260718 1066260718
1066272768 1066273535
1066311680 1066315775
1067533608 1067533615
1067751832 1067751839
1067811360 1067811367
1068154880 1068163583
1068163840 1068165119
1068165376 1068167167
1068307304 1068307311
1070632704 1070632865
1070632867 1070632959
1072923648 1072923669
1072923776 1072923903
1072925696 1072926207
1072926496 1072926527
1072928296 1072928303
1072931840 1072932095
1072933888 1072934143
1072939008 1072939071
1072939520 1072940031
1073075200 1073075455
1073077504 1073077759
1073097472 1073097535
1073097600 1073097663
1073334528 1073336063
1073360896 1073361919
1073373184 1073381375
1073389568 1073390591
1073444096 1073444351
1074020352 1074028543
1074118656 1074135039
1074144000 1074144255
1074145280 1074145791
1074184192 1074188287
1074212864 1074216959
1074233344 1074241535
1074392896 1074392911
1074393024 1074393039
1074396992 1074397007
1074397120 1074397135
1074737152 1074745343
1074757632 1074765823
1074793472 1074795519
1074798592 1074801663
1074804736 1074804991
1074806016 1074806271
1074820096 1074821119
1074832640 1074832895
1074870272 1074872319
1074937856 1074946047
1074962432 1074970623
1075165184 1075167231
1075200000 1075200511
1075203584 1075204095
1075249152 1075265535
1075407872 1075408895
1075421184 1075429375
1075478528 1075494911
1075634176 1075636223
1075646464 1075646719
1075646976 1075648511
1075679232 1075687423
1075782976 1075783036
1075783038 1075783167
1075849216 1075849471
1075970048 1075974143
1075975168 1075984383
1075985408 1075990527
1075994624 1076035583
1076322560 1076322815
1076338688 1076346879
1076364288 1076365311
1076390912 1076391935
1076399616 1076399679
1076408320 1076412415
1076424704 1076428799
1076531200 1076533247
1076543488 1076559871
1076587520 1076588031
1076622336 1076622591
1076624064 1076624127
1076624608 1076624639
1076734720 1076734975
1076735232 1076735487
1076756480 1076772863
1076788736 1076788991
1076822710 1076822711
1076850688 1076852735
1076870602 1076870602
1076877824 1076878079
1076959232 1076960255
1076960512 1076960767
1077055488 1077059583
1077152512 1077152767
1077155072 1077155327
1077444608 1077452799
1077465088 1077465343
1077465856 1077466111
1077469184 1077477375
1077551104 1077555199
1077568099 1077568099
1077568179 1077568179
1077568251 1077568251
1077568258 1077568258
1077568277 1077568277
1077568302 1077568302
1077568308 1077568308
1077641216 1077659647
1077807104 1077809151
1077809664 1077810175
1077810688 1077812479
1077812992 1077813247
1077814272 1077814783
1077815296 1077818879
1077819392 1077820567
1077820576 1077820927
1077821184 1077837823
1077961728 1077961983
1077977088 1077985279
1077993472 1078001663
1078006016 1078006271
1078008576 1078008831
1078009856 1078010111
1078011904 1078012671
1078012928 1078013695
1078016000 1078017279
1078071296 1078076415
1078104320 1078104575
1078105344 1078105599
1078116352 1078128639
1078223336 1078223343
1078223352 1078223359
1078227008 1078227015
1078227024 1078227031
1078227168 1078227175
1078228448 1078228455
1078247424 1078251519
1078280192 1078288383
1078429440 1078429471
1078456320 1078460415
1078510592 1078511615
1078517760 1078525951
1078605312 1078605567
1078632911 1078632911
1078788096 1078820863
1078864384 1078864895
1079320576 1079328767
1079378944 1079379527
1079379536 1079379647
1079381120 1079381183
1079381536 1079381567
1079385856 1079385983
1079386112 1079386623
1079390208 1079390239
1079395840 1079395871
1079399608 1079399615
1079399680 1079399935
1079400640 1079400703
1079402752 1079403007
1079403520 1079403775
1079405040 1079405055
1079405376 1079405407
1079405568 1079406111
1079406114 1079406115
1079407360 1079407487
1079409920 1079410175
1079413760 1079414271
1079422224 1079422239
1079427328 1079427583
1079435776 1079435903
1079436032 1079436159
1079439360 1079440223
1079440256 1079441275
1079441280 1079441375
1079459840 1079508991
1079566336 1079569183
1079569188 1079569407
1079569920 1079570431
1079664640 1079668735
1079861248 1079865343
1079924224 1079924479
1080017920 1080018431
1080033280 1080066047
1080164352 1080295423
1080999936 1081016319
1081082880 1081083903
1081094656 1081095167
1081099264 1081100287
1081104384 1081105407
1081106432 1081107455
1081212928 1081278463
1081479168 1081483263
1081532416 1081540607
1081542580 1081542580
1081542582 1081542586
1081542588 1081542589
1081542591 1081542591
1081565184 1081573375
1081593856 1081597951
1081874752 1081874759
1081882560 1081882623
1081888392 1081888399
1081896160 1081896167
1081897072 1081897079
1081901120 1081901135
1081915784 1081915791
1081920354 1081920354
1081943264 1081943271
1081980424 1081980431
1082264064 1082264319
1082314752 1082318847
1082683392 1082687487
1082753024 1082761215
1082945536 1082949631
1082982400 1083015167
1083437056 1083441151
1083686912 1083703295
1084192002 1084192002
1084198762 1084198762
1085440000 1085448191
1085526016 1085530111
1085538304 1085603839
1085849600 1085857791
1085934080 1085934335
1085938688 1085939711
1085976576 1085980671
1085997056 1086013439
1086021888 1086022143
1086028544 1086028799
1086042112 1086046207
1086050816 1086051327
1086088192 1086089215
1086093312 1086094335
1086229248 1086229503
1086241280 1086241535
1086245120 1086245375
1086267392 1086271487
1086922752 1086930943
1086955520 1086971903
1087011584 1087012095
1087016960 1087021055
1087062016 1087070207
1087360512 1087360767
1087414832 1087414839
1087494144 1087496191
1087798944 1087798975
1088424448 1088424959
1088427008 1088427263
1088471040 1088485375
1088526336 1088528383
1088550656 1088550911
1088552960 1088557055
1088566272 1088566783
1088589312 1088589567
1088591872 1088592383
1088602112 1088603135
1088604160 1088605183
1088609280 1088609535
1088610816 1088611071
1088617472 1088618239
1088670208 1088670463
1088671744 1088673791
1088675840 1088676863
1088684032 1088946175
1089106688 1089106943
1089107456 1089107711
1089136640 1089136895
1089167360 1089171455
1089191936 1089200127
1089406208 1089406463
1089406720 1089409023
1089409536 1089409791
1089410560 1089410815
1089412608 1089412863
1089414144 1089414399
1089414656 1089415167
1089419776 1089420031
1089420800 1089421055
1089421312 1089422335
1089423104 1089423359
1089424128 1089425407
1089432576 1089432831
1089434112 1089434623
1089436160 1089436415
1089436672 1089437183
1089437440 1089437695
1089464064 1089464319
1089961984 1089970175
1090146304 1090150399
1090207744 1090215935
1090288640 1090288895
1090355200 1090363391
1090387968 1090396159
1090445312 1090453503
1090455552 1090457087
1090511872 1090512895
1090977792 1091010559
1092059136 1092065279
1093017600 1093021695
1093025792 1093033983
1093038080 1093038335
1093074944 1093091327
1093107712 1093127423
1093127680 1093140479
1093732439 1093732439
1093732538 1093732538
1093763584 1093765119
1093767168 1093767679
1093768704 1093771263
1093779456 1093791743
1094531072 1094531839
1094565888 1094582271
1096275968 1096276479
1096278016 1096286207
1096548352 1096810495
1096884224 1096888319
1096925184 1096941567
1096950272 1096950527
1097728000 1097736191
1097768960 1097776127
1097776640 1097776895
1097777152 1097785343
1097830400 1097834495
1098178384 1098178391
1098605368 1098605375
1099967232 1099967283
1099967288 1099967487
1100505128 1100505135
1100573696 1100574207
1101989144 1101989151
1101989156 1101989159
1101989192 1101989199
1101989248 1101989255
1101989296 1101989303
1101989328 1101989331
1101989688 1101989695
1101989720 1101989723
1101989736 1101989743
1101990032 1101990047
1101990280 1101990295
1101990960 1101990975
1101991028 1101991035
1101991144 1101991151
1101991208 1101991215
1101991248 1101991255
1101991360 1101991367
1101991376 1101991383
1101991440 1101991455
1101991560 1101991567
1101991632 1101991639
1101991648 1101991655
1101991672 1101991679
1101991768 1101991771
1101991856 1101991871
1101991948 1101991951
1101991968 1101991975
1101991992 1101991999
1101992032 1101992047
1101992064 1101992071
1101992168 1101992175
1101992184 1101992191
1101992240 1101992247
1101992320 1101992323
1101992344 1101992351
1101992364 1101992383
1101992408 1101992415
1101992464 1101992471
1101992596 1101992599
1101992704 1101992711
1101992736 1101992751
1101992760 1101992763
1101992792 1101992799
1101992856 1101992887
1101993008 1101993015
1101993072 1101993079
1101993160 1101993167
1101993184 1101993191
1101993208 1101993215
1101993224 1101993227
1101993272 1101993287
1101993292 1101993295
1101993392 1101993399
1101993472 1101993479
1101993520 1101993527
1101993552 1101993559
1101993640 1101993647
1101993660 1101993663
1101993672 1101993679
1101993696 1101993699
1101993720 1101993727
1101993736 1101993743
1101993752 1101993759
1101993776 1101993783
1101993792 1101993795
1101993808 1101993823
1101993888 1101993895
1101993936 1101993943
1101995096 1101995103
1101995120 1101995135
1101995272 1101995279
1101995408 1101995439
1101995672 1101995679
1101995920 1101995935
1101995984 1101996007
1101996016 1101996023
1101996128 1101996135
1101996264 1101996271
1101996304 1101996311
1101996448 1101996455
1101996460 1101996463
1101996528 1101996535
1101996696 1101996703
1101996856 1101996863
1101996888 1101996903
1101997216 1101997223
1101997240 1101997263
1101997336 1101997343
1101997440 1101997455
1101997480 1101997483
1101997520 1101997523
1101997888 1101997895
1101997968 1101997983
1101998240 1101998243
1101998344 1101998351
1101998360 1101998367
1101998664 1101998671
1101998732 1101998735
1101998920 1101998927
1101998944 1101998951
1101999032 1101999039
1101999280 1101999287
1101999320 1101999335
1101999464 1101999471
1101999616 1101999631
1101999640 1101999647
1101999724 1101999727
1101999736 1101999743
1101999808 1101999815
1101999904 1101999911
1101999936 1101999943
1101999976 1101999983
1102000220 1102000223
1102000256 1102000259
1102003232 1102003247
1102003492 1102003495
1102003888 1102003895
1102003984 1102003999
1102004188 1102004199
1102389248 1102393343
1102409216 1102409471
1103874190 1103874190
1104695376 1104695391
1107275776 1107279871
1107288064 1107292159
1107694336 1107694591
1107703296 1107703551
1107704832 1107705855
1107771392 1107779583
1107788304 1107788311
1107788872 1107788875
1107788952 1107788959
1107789064 1107789071
1107789136 1107789143
1107789148 1107789151
1107789176 1107789191
1107789200 1107789215
1107789280 1107789287
1107789312 1107789327
1107789440 1107789447
1107789528 1107789535
1107789568 1107789575
1107789672 1107789679
1107789960 1107789971
1107790024 1107790031
1107790060 1107790063
1107790088 1107790095
1107790104 1107790143
1107790160 1107790167
1107790208 1107790239
1107790280 1107790287
1107790296 1107790303
1107790312 1107790319
1107790368 1107790371
1107790424 1107790431
1107790524 1107790527
1107790592 1107790599
1107790672 1107790679
1107790776 1107790815
1107791104 1107791111
1107791136 1107791139
1107791240 1107791247
1107791304 1107791311
1107791316 1107791319
1107791640 1107791643
1107791784 1107791791
1107791856 1107791863
1107791976 1107791983
1107792000 1107792007
1107792048 1107792055
1107792080 1107792087
1107792240 1107792247
1107792284 1107792287
1107792344 1107792347
1107792640 1107792651
1107792656 1107792663
1107792704 1107792711
1107793456 1107793471
1107793640 1107793647
1107793712 1107793727
1107793792 1107793799
1107793840 1107793847
1107793872 1107793879
1107793896 1107793903
1107796000 1107796031
1107796108 1107796111
1107796120 1107796127
1107796152 1107796155
1107796320 1107796327
1107796344 1107796351
1107796440 1107796443
1107796720 1107796727
1107796732 1107796735
1107796864 1107796879
1107796944 1107796975
1107797000 1107797023
1107797032 1107797039
1107797064 1107797079
1107797152 1107797155
1107797168 1107797175
1107797184 1107797191
1107797296 1107797311
1107797408 1107797415
1107798048 1107798051
1107798080 1107798095
1107798192 1107798195
1107798288 1107798295
1107798304 1107798335
1107798352 1107798367
1107798384 1107798391
1107798532 1107798539
1107798560 1107798591
1107798600 1107798607
1107798632 1107798639
1107798704 1107798711
1107798720 1107798727
1107798848 1107798863
1107798928 1107798935
1107798984 1107798991
1107799256 1107799263
1107799296 1107799303
1107799416 1107799419
1107799512 1107799543
1107799648 1107799655
1107799712 1107799719
1107800104 1107800111
1107800184 1107800207
1107800728 1107800735
1107800768 1107800775
1107800860 1107800863
1107800896 1107800903
1107800912 1107800919
1107800960 1107800967
1107801088 1107801095
1107801104 1107801135
1107801216 1107801231
1107801344 1107801351
1107801512 1107801519
1107803176 1107803183
1107803192 1107803199
1107803264 1107803271
1107803440 1107803443
1107803568 1107803571
1107803744 1107803751
1107803792 1107803799
1107803912 1107803919
1107803960 1107803967
1107804064 1107804087
1107804096 1107804135
1107804152 1107804159
1108025344 1108029439
1108033536 1108041727
1108058112 1108066303
1108458792 1108458795
1108458800 1108458807
1108458896 1108458903
1108458996 1108459007
1108464764 1108464775
1108464792 1108464799
1108464812 1108464855
1108525056 1108541439
1108744704 1108744959
1108753920 1108754175
1108770304 1108770559
1108779008 1108783103
1108803584 1108836351
1109460736 1109460991
1109464064 1109464319
1109467136 1109467391
1109468160 1109468415
1109473280 1109473535
1109474560 1109474815
1109475072 1109475327
1109475584 1109475839
1109476096 1109476863
1109478656 1109478911
1109481728 1109482495
1109483008 1109483263
1109483776 1109484287
1109487872 1109488127
1109594112 1109594623
1109595392 1109595647
1109597696 1109597832
1109597834 1109597951
1109681152 1109682175
1109688320 1109696511
1109819392 1109852159
1109906944 1109907199
1109917696 1109945343
1109950464 1109962751
1109966848 1109983231
1110126592 1110130687
1110250752 1110251007
1110275840 1110276095
1110310912 1110321151
1110327296 1110355967
1110360064 1110360575
1110360832 1110361087
1110361344 1110365183
1110366208 1110366463
1110366672 1110366687
1110367232 1110376447
1110443648 1110443655
1110443905 1110443905
1110443975 1110443975
1110540288 1110573055
1110642688 1110644735
1110666240 1110667263
1110671360 1110675455
1110679552 1110683647
1110700032 1110704127
1110868376 1110868391
1110870024 1110870027
1110870304 1110870307
1110870312 1110870319
1110870328 1110870335
1110870480 1110870487
1110870592 1110870595
1110870600 1110870607
1110870680 1110870687
1110870736 1110870743
1110870852 1110870855
1110871000 1110871015
1110871136 1110871151
1110871160 1110871167
1110871184 1110871187
1110871224 1110871231
1110871256 1110871263
1110871320 1110871327
1110871376 1110871391
1110871584 1110871591
1110871616 1110871623
1110871752 1110871759
1110872320 1110872327
1110872732 1110872735
1110872784 1110872791
1110873116 1110873119
1110873264 1110873271
1110873408 1110873535
1110873560 1110873567
1110873728 1110873735
1110873792 1110873799
1110873840 1110873847
1110873992 1110873999
1110874632 1110874639
1110874800 1110874815
1110874952 1110874975
1110874992 1110874999
1110875272 1110875279
1110875360 1110875367
1110875400 1110875407
1110875424 1110875431
1110875480 1110875487
1110875976 1110875983
1110876128 1110876135
1110876224 1110876231
1110876272 1110876279
1110876288 1110876295
1110876352 1110876359
1110876380 1110876383
1110876696 1110876703
1110876864 1110876867
1110877136 1110877143
1110877172 1110877175
1110877536 1110877543
1110877552 1110877559
1110877800 1110877807
1110877840 1110877847
1110878032 1110878039
1110878064 1110878079
1110878112 1110878143
1110878208 1110878239
1110878312 1110878319
1110878328 1110878335
1110878392 1110878399
1110878416 1110878431
1110878536 1110878539
1110878616 1110878623
1110878736 1110878743
1110878912 1110878919
1110878984 1110878999
1110879384 1110879391
1110879608 1110879623
1110879720 1110879751
1110879760 1110879839
1110880264 1110880279
1110880352 1110880359
1110880384 1110880391
1110882584 1110882591
1110882880 1110882903
1110883136 1110883143
1110883200 1110883203
1110883208 1110883215
1110883224 1110883271
1110883280 1110883295
1110883576 1110883579
1110883640 1110883647
1110885784 1110885787
1110886128 1110886135
1110886592 1110886595
1110886912 1110886919
1110886960 1110886975
1110887016 1110887023
1110887064 1110887071
1110887176 1110887191
1110887264 1110887271
1110887464 1110887471
1110887792 1110887795
1110887976 1110887983
1110888016 1110888023
1110888048 1110888063
1110888152 1110888159
1110888360 1110888387
1110888400 1110888403
1110888440 1110888447
1110888588 1110888591
1110888608 1110888639
1110888744 1110888747
1110889632 1110889635
1110889776 1110889783
1110889824 1110889831
1110890384 1110890391
1110890776 1110890783
1110890800 1110890815
1110891672 1110891679
1110891784 1110891791
1110891856 1110891863
1110891928 1110891943
1110892360 1110892363
1110892392 1110892431
1110892480 1110892519
1110892576 1110892583
1110892656 1110892663
1110893152 1110893159
1110893320 1110893327
1110893456 1110893463
1110893512 1110893519
1110893600 1110893615
1110893824 1110893855
1110893984 1110893999
1110894008 1110894015
1110894064 1110894071
1110894440 1110894447
1110894464 1110894471
1110894552 1110894559
1110894600 1110894607
1110894904 1110894911
1110894944 1110895007
1110895084 1110895087
1110895100 1110895103
1110895280 1110895287
1110895620 1110895623
1110896192 1110896199
1110917632 1110917887
1110986752 1110987519
1111195648 1111212031
1111468544 1111468799
1111473152 1111473407
1111916544 1111949311
1112413696 1112414207
1112419840 1112420095
1112424448 1112440831
1112530944 1112539135
1112869888 1112870143
1112873984 1112875007
1112875520 1112876031
1112889856 1112890367
1112931328 1112931839
1113335296 1113335807
1113366784 1113367039
1113368576 1113368831
1113369088 1113369343
1113379072 1113380095
1113381120 1113381375
1113591808 1113595903
1113616640 1113616831
1113619712 1113619775
1113657344 1113661439
1113669632 1113677823
1113684992 1113685247
1113695232 1113695487
1113699328 1113700351
1113747456 1113751551
1113989760 1113989823
1113991296 1113991359
1113997312 1114005503
1114013696 1114017791
1114054528 1114062847
1114085376 1114086399
1114095616 1114103807
1114505216 1114506239
1114506752 1114507263
1114507392 1114507423
1114515671 1114515671
1114516562 1114516562
1114516566 1114516566
1114517504 1114518021
1114518024 1114518031
1114518144 1114518271
1114527744 1114529791
1114537984 1114550271
1114578944 1114583039
1114681344 1114685439
1114689536 1114693631
1114730496 1114734591
1114869248 1114869503
1114870016 1114870783
1115033600 1115034623
1115037696 1115038719
1115044608 1115044863
1115045376 1115045887
1115088896 1115089919
1115127808 1115131903
1115136000 1115144191
1115705344 1115709439
1115783168 1115791359
1115795456 1115799551
1115815936 1115947007
1115979776 1115981055
1115981568 1115982847
1115983104 1115984127
1115985152 1115986175
1115987456 1115987711
1115991296 1115991807
1115993344 1115993599
1115994880 1115995135
1115996672 1115996927
1115997952 1115998207
1115998720 1115999231
1116000256 1116000511
1116002304 1116004351
1116004608 1116004863
1116005120 1116005375
1116005632 1116006143
1116006400 1116006655
1116007424 1116007679
1116008448 1116009727
1116009984 1116011007
1116012032 1116012287
1116030976 1116033023
1116168192 1116176383
1116897280 1116905471
1116930048 1116962815
1117274112 1117282303
1117413376 1117421567
1117454336 1117470719
1117471744 1117483007
1117683712 1117691903
1117724672 1117728767
1117743616 1117749247
1117814848 1117814879
1117978624 1117986815
1117995008 1117999103
1118007552 1118007807
1118010368 1118010623
1118027776 1118031871
1118158848 1118167039
1118474240 1118478335
1118483456 1118484479
1118515200 1118519295
1118527488 1118531583
1118535680 1118539775
1118543872 1118547967
1118560522 1118560522
1118560788 1118560795
1118765056 1118781439
1119029248 1119030271
1119032320 1119032831
1119048704 1119048959
1119065600 1119065855
1119110144 1119112191
1119289344 1119354879
1119432704 1119436799
1119440896 1119444991
1119451648 1119451903
1119469568 1119477759
1119502336 1119510527
1119538176 1119539199
1119555072 1119555327
1119572071 1119572071
1119580160 1119584255
1119600640 1119601663
1120280864 1120280879
1120288768 1120288799
1120292864 1120292991
1120293632 1120293759
1120296960 1120297215
1120313600 1120313855
1120346112 1120350207
1120370688 1120377855
1120378880 1120387071
1120516875 1120516875
1120518144 1120534527
1120641024 1120657407
1120734464 1120734719
1120735744 1120747519
1120788480 1120789503
1120791552 1120792575
1120794368 1120794623
1120795136 1120796671
1120854016 1120862207
1120886784 1120894975
1120911360 1120919551
1120948224 1120950271
1121005568 1121009663
1121038336 1121042431
1121230848 1121239039
1121247232 1121254399
1121726208 1121726463
1121758208 1121759231
1121763328 1121767423
1121878016 1121910783
1121913344 1121913855
1121914880 1121918975
1121923072 1121923327
1121923584 1121926143
1121926656 1121926911
1121934848 1121936127
1121938432 1121941503
1122074624 1122091007
1122092032 1122092287
1122106880 1122107135
1122123776 1122125823
1122127872 1122131967
1122140160 1122144255
1122180768 1122180783
1122190344 1122190383
1122190560 1122190567
1122190768 1122190775
1122190784 1122190791
1122190832 1122190847
1122258944 1122259967
1122515968 1122516991
1122631680 1122631935
1122633728 1122633983
1122635264 1122635519
1122635776 1122648063
1122722816 1122723839
1123057664 1123074047
1123119872 1123120127
1123123200 1123127295
1123180544 1123184639
1123336192 1123352575
1123395328 1123395583
1123409920 1123414015
1123415040 1123418111
1123694592 1123694595
1123694600 1123694783
1123694788 1123694831
1123694836 1123694847
1123848192 1123852287
1123950592 1123958783
1124060160 1124061183
1125474304 1125478399
1125486592 1125490687
1125498880 1125515263
1125531648 1125539839
1125545984 1125552127
1125572608 1125576703
1126924288 1126928383
1126948864 1126952959
1127662048 1127662063
1127677952 1127694335
1127923712 1127931903
1128529920 1128792063
1134440960 1134441215
1134443776 1134444031
1134444544 1134448639
1136721920 1136787455
1137173248 1137173503
1137192960 1137193215
1137203712 1137203967
1137205760 1137206015
1137206784 1137207039
1137278976 1137295359
1137352704 1137356799
1137373184 1137377279
1137491968 1137508351
1137524736 1137541119
1137621504 1137622015
1137704960 1137713151
1137778688 1137780735
1137815552 1137819647
1137862400 1137862655
1137868800 1137872895
1137876992 1137881087
1137889280 1137893375
1137926656 1137926911
1137927936 1137928063
1137930240 1137934335
1137983488 1137991679
1138049024 1138061311
1138163712 1138167807
1138176000 1138180095
1138185216 1138185727
1138196480 1138204671
1138212864 1138216959
1138237440 1138245631
1138278400 1138286591
1138354176 1138356223
1138359808 1138360319
1138393088 1138401279
1138415872 1138416127
1138417408 1138417663
1138460672 1138461695
1138474240 1138475007
1138499584 1138503679
1138515456 1138515711
1138536448 1138540543
1138569216 1138573311
1138593792 1138597887
1138621184 1138621439
1138704384 1138716671
1138720768 1138728959
1138774016 1138778111
1138780160 1138780927
1138781184 1138781951
1138782080 1138782207
1138819072 1138851839
1138917376 1138937855
1138938880 1138939903
1138940416 1138940671
1138941952 1138950143
1138956288 1138956799
1138957056 1138957823
1138960640 1138960895
1138961664 1138961919
1138970368 1138970623
1139179520 1139195903
1139216384 1139220479
1139251184 1139251187
1139252861 1139252862
1139265536 1139269631
1144701044 1144701051
1145179136 1145179391
1145188352 1145192447
1145249792 1145257983
1145307136 1145311231
1145363968 1145364479
1145376768 1145380863
1145401344 1145402367
1145403648 1145403903
1145405440 1145413631
1145421824 1145430015
1145475072 1145479167
1145503744 1145520127
1145566208 1145566463
1150287872 1150812159
1151889408 1151897599
1151949824 1151950335
1151994880 1151995903
1152073728 1152077823
1152114688 1152122879
1152581632 1152614399
1152659712 1152659967
1152778240 1152843775
1152892928 1152897023
1154547712 1154564095
1156071424 1156079615
1156082688 1156083711
1156095504 1156095507
1156151296 1156153343
1156243456 1156243711
1156249600 1156249855
1156255744 1156259839
1156296704 1156300799
1157663744 1157663999
1157664768 1157665279
1157665792 1157666303
1157668864 1157669631
1157670400 1157670655
1157672448 1157672703
1157675264 1157675519
1157677568 1157678079
1157678336 1157678847
1157679872 1157680127
1157681408 1157681919
1157682944 1157683199
1157683456 1157683711
1157683968 1157684223
1157690112 1157690367
1157910528 1157914623
1157943296 1157947391
1158148096 1158152191
1158234112 1158250495
1158261760 1158262271
1158316032 1158324223
1158340608 1158344703
1158348800 1158381567
1158422528 1158423551
1158439936 1158441215
1158441472 1158441983
1158611264 1158611327
1158620704 1158620959
1158628480 1158628799
1158774784 1158791167
1158791320 1158791327
1158791505 1158791505
1158791512 1158791519
1158791712 1158791751
1158791760 1158791767
1158791784 1158791799
1158791808 1158791823
1158791828 1158791839
1158791864 1158791871
1158791904 1158791927
1158791932 1158792023
1158792048 1158792063
1158792096 1158792103
1158792112 1158792135
1158792168 1158792703
1158792720 1158792731
1158792740 1158792743
1158792756 1158792767
1158792780 1158792791
1158792796 1158792843
1158792848 1158792863
1158792880 1158792903
1158792928 1158792943
1158792960 1158793039
1158793056 1158793087
1158793096 1158793103
1158793152 1158793155
1158793180 1158793183
1158793200 1158793203
1158793208 1158793243
1158793256 1158793271
1158793276 1158793279
1158793288 1158793303
1158793312 1158793327
1158793332 1158793391
1158793400 1158793407
1158793424 1158793427
1158793432 1158793439
1158793456 1158793487
1158793504 1158793519
1158793536 1158793551
1158793568 1158793583
1158793664 1158793679
1158793728 1158794495
1158794512 1158794527
1158794544 1158794575
1158794584 1158794615
1158794640 1158794663
1158794672 1158794687
1158794736 1158794743
1158794880 1158795007
1158795776 1158796543
1158796608 1158796719
1158796728 1158796767
1158796800 1158796815
1158796840 1158796855
1158796872 1158796887
1158796904 1158796943
1158796984 1158797015
1158797032 1158797039
1158797048 1158797055
1158797184 1158797247
1158797568 1158797573
1158797740 1158797775
1158797832 1158797855
1158797872 1158797899
1158798080 1158798175
1158798240 1158798271
1158798336 1158798399
1158798416 1158798431
1158798440 1158798455
1158798472 1158798479
1158798496 1158798511
1158798856 1158798863
1158798976 1158798983
1158799232 1158799255
1158799272 1158799319
1158799328 1158807551
1158907904 1158908671
1158908800 1158909183
1158995968 1159004159
1159213056 1159217151
1159282432 1159282687
1159348224 1159356415
1159381504 1159381759
1159396096 1159396351
1159421952 1159430143
1159480072 1159480072
1159483904 1159484159
1159484413 1159484413
1159512064 1159518719
1159518976 1159528447
1159615744 1159615999
1159659680 1159659687
1159659716 1159659719
1159659784 1159659795
1159659944 1159659951
1159660040 1159660047
1159660128 1159660135
1159660156 1159660159
1159660208 1159660215
1159660256 1159660271
1159661336 1159661343
1159661376 1159661391
1159661536 1159661575
1159661632 1159661639
1159661688 1159661695
1159661872 1159661887
1159661896 1159661903
1159661936 1159661943
1159662080 1159662087
1159662464 1159662479
1159662496 1159662511
1159662560 1159662567
1159663184 1159663191
1159666064 1159666151
1159666176 1159666183
1159666232 1159666235
1159666356 1159666359
1159666728 1159666735
1159666912 1159666935
1159666976 1159667007
1159667072 1159667103
1159668288 1159668295
1159668304 1159668311
1159668408 1159668415
1159668432 1159668435
1159668520 1159668527
1159668632 1159668735
1159668992 1159669007
1159669072 1159669087
1159669104 1159669107
1159669216 1159669231
1159669792 1159669799
1159669904 1159669919
1159669952 1159669959
1159670064 1159670071
1159670104 1159670127
1159670136 1159670143
1159670160 1159670167
1159670184 1159670191
1159670280 1159670287
1159670320 1159670327
1159670352 1159670359
1159670456 1159670463
1159670528 1159670535
1159670576 1159670583
1159670592 1159670595
1159670784 1159670799
1159670848 1159670855
1159670904 1159670919
1159670928 1159670931
1159671160 1159671167
1159671192 1159671199
1159671264 1159671271
1159671312 1159671327
1159671392 1159671399
1159671416 1159671431
1159671480 1159671487
1159671536 1159671543
1159671584 1159671591
1159671672 1159671679
1159671824 1159671831
1159671840 1159671871
1159671888 1159671895
1159671912 1159671919
1159672112 1159672127
1159672272 1159672279
1159672704 1159672707
1159672808 1159672827
1159673000 1159673031
1159673096 1159673111
1159673208 1159673215
1159673800 1159673807
1159673888 1159673895
1159673912 1159673919
1159673984 1159673991
1159674136 1159674139
1159674160 1159674167
1159674384 1159674399
1159674496 1159674527
1159674784 1159674791
1159674960 1159674967
1159674972 1159674975
1159674992 1159674999
1159675008 1159675015
1159675216 1159675223
1159675232 1159675247
1159675280 1159675287
1159675460 1159675463
1159675608 1159675615
1159677120 1159677127
1159677148 1159677151
1159677280 1159677295
1159677320 1159677327
1159677392 1159677399
1159677492 1159677495
1159677568 1159677591
1159677672 1159677679
1159677760 1159677767
1159677776 1159677783
1159677876 1159677879
1159677904 1159677911
1159678032 1159678047
1159678056 1159678063
1159678416 1159678431
1159679008 1159679039
1159679056 1159679063
1159679544 1159679551
1159679648 1159679679
1159679792 1159679807
1159679816 1159679823
1159679904 1159679935
1159679976 1159679983
1159680000 1159680035
1159680112 1159680115
1159680188 1159680191
1159680240 1159680255
1159680264 1159680271
1159680312 1159680327
1159680336 1159680343
1159680376 1159680383
1159680464 1159680479
1159680528 1159680543
1159680688 1159680695
1159680776 1159680783
1159680816 1159680823
1159680960 1159680991
1159681000 1159681007
1159681384 1159681391
1159681504 1159681511
1159681928 1159681951
1159681960 1159681975
1159682024 1159682031
1159682056 1159682059
1159682240 1159682243
1159682288 1159682303
1159682560 1159682567
1159682608 1159682615
1159682648 1159682663
1159682680 1159682687
1159682704 1159682711
1159682744 1159682751
1159682936 1159682951
1159682960 1159682967
1159682972 1159682975
1159683000 1159683003
1159683072 1159683079
1159683100 1159683103
1159683128 1159683135
1159683248 1159683255
1159683360 1159683367
1159683496 1159683503
1159683612 1159683615
1159683656 1159683663
1159683768 1159683775
1159683784 1159683787
1159684104 1159684111
1159684368 1159684383
1159684584 1159684599
1159684928 1159684935
1159685000 1159685007
1159685276 1159685279
1159685304 1159685311
1159685344 1159685351
1159685376 1159685383
1159685920 1159685927
1159686072 1159686095
1159686304 1159686311
1159686320 1159686339
1159686396 1159686399
1159686476 1159686479
1159686504 1159686511
1159686664 1159686671
1159686736 1159686751
1159687240 1159687247
1159687472 1159687479
1159687504 1159687511
1159687704 1159687711
1159687736 1159687743
1159687840 1159687855
1159687864 1159687871
1159687936 1159687939
1159688016 1159688031
1159688040 1159688055
1159688088 1159688095
1159690408 1159690415
1159690688 1159690695
1159691264 1159691279
1159691352 1159691359
1159691536 1159691543
1159691632 1159691647
1159691664 1159691671
1159691772 1159691775
1159691952 1159691959
1159692040 1159692047
1159692096 1159692103
1159700480 1159725055
1160011776 1160019967
1160021526 1160021531
1160021580 1160021581
1160364032 1160368127
1160392704 1160396799
1160425472 1160429567
1160662016 1160662271
1160667136 1160671231
1160671744 1160671999
1160672768 1160675327
1160683520 1160691711
1160809472 1160809727
1160822784 1160823295
1160833920 1160833980
1160833982 1160834047
1160847360 1160855551
1160863744 1160871935
1160925184 1160926207
1161019392 1161035775
1161293824 1161297919
1161363456 1161367551
1161416704 1161420799
1161428992 1161435903
1161437121 1161437121
1161453568 1161457663
1161576448 1161580543
1161617408 1161625599
1161764864 1161773055
1161818112 1161822207
1161854720 1161854975
1162018816 1162022911
1162060288 1162060799
1162065920 1162066175
1162066944 1162067199
1162215424 1162280959
1162297344 1162305535
1162354176 1162354687
1162358784 1162360831
1162715136 1162723327
1162929152 1162932223
1163386624 1163386879
1163407360 1163411455
1163526144 1163534335
1163535360 1163536383
1163537408 1163555839
1163556864 1163558911
1163559936 1163566079
1163567104 1163583487
1163584512 1163585023
1163585280 1163586559
1163587584 1163589631
1163590656 1163591679
1163792128 1163792383
1164643648 1164643663
1167851520 1168113663
1168154880 1168155135
1168232960 1168234495
1168393504 1168393535
1168420864 1168424959
1168461824 1168465919
1168474112 1168506879
1168510976 1168515071
1168535552 1168539647
1168588968 1168588975
1168589028 1168589031
1168589040 1168589047
1168589224 1168589231
1168589376 1168589391
1168589664 1168589667
1168589688 1168589695
1168589760 1168589791
1168590040 1168590047
1168590528 1168590559
1168590568 1168590575
1168590680 1168590687
1168590784 1168590815
1168590856 1168590863
1168591544 1168591551
1168592040 1168592047
1168592256 1168592271
1168592328 1168592343
1168592440 1168592447
1168592528 1168592535
1168592560 1168592563
1168592896 1168592911
1168592928 1168592935
1168593016 1168593023
1168593064 1168593079
1168593288 1168593295
1168593352 1168593359
1168593704 1168593711
1168593740 1168593743
1168593792 1168593795
1168593992 1168593999
1168594168 1168594175
1168594408 1168594423
1168594440 1168594447
1168594552 1168594555
1168594560 1168594567
1168594688 1168594703
1168594712 1168594751
1168594824 1168594839
1168594920 1168594927
1168594944 1168594959
1168594968 1168594971
1168595096 1168595099
1168595136 1168595143
1168595192 1168595199
1168595472 1168595503
1168595528 1168595531
1168595564 1168595567
1168595664 1168595679
1168595688 1168595695
1168595880 1168595887
1168595952 1168595959
1168596000 1168596007
1168596080 1168596087
1168596152 1168596159
1168596216 1168596223
1168596336 1168596343
1168596360 1168596367
1168596424 1168596431
1168596472 1168596479
1168597000 1168597007
1168597016 1168597023
1168597048 1168597051
1168597064 1168597079
1168597116 1168597119
1168597280 1168597283
1168597320 1168597327
1168597568 1168597575
1168597580 1168597583
1168597656 1168597663
1168597840 1168597847
1168598048 1168598055
1168598096 1168598119
1168598264 1168598271
1168598352 1168598359
1168598440 1168598447
1168598464 1168598495
1168598800 1168598807
1168598840 1168598847
1168600544 1168600559
1168603168 1168603199
1168603204 1168603207
1168603312 1168603319
1168603336 1168603343
1168603384 1168603391
1168603400 1168603407
1168603424 1168603439
1168603696 1168603711
1168603732 1168603735
1168603744 1168603751
1168603888 1168603895
1168604200 1168604207
1168604216 1168604223
1168604256 1168604263
1168604336 1168604343
1168604704 1168604711
1168670720 1168687103
1168850944 1168855039
1168859136 1168863231
1168867328 1168883711
1168936960 1168965631
1168973824 1168982015
1168998400 1169002495
1169032064 1169032071
1169034530 1169034530
1169035572 1169035575
1169047562 1169047562
1169054944 1169054951
1169055568 1169055583
1169203200 1169211391
1170231296 1170235391
1170343936 1170345983
1170350080 1170358271
1170378752 1170379775
1170472960 1170481151
1170489344 1170497535
1170505728 1170522111
1175977984 1176502271
1176619008 1176633343
1176739840 1176743935
1176752128 1176756223
1176776704 1176780799
1176895488 1176928255
1177000704 1177000711
1177000720 1177000735
1177000752 1177000759
1177109520 1177109527
1177121280 1177121535
1177155136 1177155151
1177164864 1177164895
1177165056 1177165056
1177165058 1177165087
1177550848 1178075135
1178599424 1179910143
1184367616 1184368127
1184422912 1184423167
1191673856 1191706623
1192296448 1192361983
1192427520 1192460287
1192468480 1192476671
1192488960 1192493055
1207975936 1207980031
1208008704 1208016895
1208020992 1208025087
1208047744 1208047871
1208074240 1208082431
1208090624 1208107007
1208590336 1208598527
1208647680 1208659967
1208717568 1208719871
1208720128 1208720383
1208721408 1208729599
1208770560 1208774655
1208778752 1208795135
1208852480 1208860671
1208906752 1208907007
1208916736 1208916991
1208918016 1208922111
1208928706 1208928706
1208928727 1208928727
1208928756 1208928757
1208954880 1208958975
1208979456 1208983551
1209207808 1209208831
1209210880 1209211903
1209339904 1209340927
1209647104 1209663487
1209810944 1209814271
1209814528 1209819135
1209909248 1209909503
1209911902 1209911902
1209917440 1209925631
1210421504 1210421551
1210435584 1210435839
1210438912 1210439167
1210448768 1210448895
1210449920 1210580991
1210925056 1210941439
1210994688 1210995711
1210996736 1210997759
1211302912 1211304959
1211305984 1211315199
1211317248 1211318271
1211432960 1211473919
1211482112 1211498495
1211596800 1211613183
1211711488 1211727871
1213212358 1213212358
1216872448 1217396735
1219248128 1219249151
1219256320 1219264511
1219272704 1219276799
1224327168 1224328067
1224328072 1224328075
1224328080 1224328083
1224328088 1224328091
1224328096 1224328099
1224328104 1224328107
1224328112 1224328115
1224328120 1224328123
1224328128 1224329215
1224409088 1224441855
1224462336 1224462591
1241743360 1241759743
1242300416 1242562559
1244659712 1244790783
1244831744 1244839935
1244848128 1244852223
1244864512 1244872703
1245184000 1245446143
1246787072 1246787327
1246798848 1246799103
1246890432 1246890495
1246904320 1246912511
1246937088 1246945279
1247101440 1247101695
1247123968 1247124223
1248864256 1248866303
1248877312 1248877567
1248885760 1248886783
1248890880 1248892927
1248899072 1248900095
1248919552 1248920575
1248922624 1248923647
1248924672 1248925695
1248936960 1248939007
1248964608 1248966655
1248989184 1248991231
1249003520 1249005567
1249010688 1249011711
1249019904 1249021951
1249024000 1249025023
1249029120 1249030143
1249099776 1249101823
1249102848 1249103871
1249106944 1249107967
1249144832 1249147903
1249156096 1249157119
1249163264 1249165311
1249171456 1249174527
1249217536 1249218559
1249245184 1249248255
1249256448 1249257471
1249260544 1249261567
1249272832 1249273855
1249281536 1249281791
1249296384 1249297407
1249310720 1249311743
1249312768 1249313791
1249335296 1249337343
1249343488 1249344511
1249350656 1249351679
1249359872 1249361919
1249379328 1249380351
1249391616 1249392639
1249396736 1249398783
1249404928 1249405951
1249421312 1249423359
1249434624 1249435647
1249437696 1249438719
1249452032 1249453055
1249474560 1249475583
1249481728 1249482751
1249484800 1249486847
1249506304 1249507327
1249522688 1249523711
1249537280 1249537535
1249542144 1249544191
1249553408 1249554431
1249562624 1249564671
1249571840 1249572863
1249592320 1249593343
1249598464 1249599487
1249710272 1249710335
1249710976 1249711103
1249796096 1249804287
1249886208 1249902591
1252720640 1252753407
1253899264 1253899519
1254490112 1254555647
1254588928 1254588991
1254589024 1254589039
1254589092 1254589103
1254589184 1254589187
1254590304 1254590311
1254590336 1254590351
1254590904 1254590911
1254591304 1254591311
1254591376 1254591383
1254591508 1254591519
1254591576 1254591579
1254591608 1254591615
1254591720 1254591735
1254591824 1254591831
1254591880 1254591895
1254591988 1254591991
1254592128 1254592135
1254592144 1254592151
1254592168 1254592175
1254592248 1254592255
1254592392 1254592399
1254593536 1254593543
1254593576 1254593583
1254593648 1254593703
1254593708 1254593711
1254594032 1254594055
1254594496 1254594496
1254594504 1254594511
1254594724 1254594727
1254594952 1254594959
1254595032 1254595039
1254595168 1254595171
1254595872 1254595883
1254595968 1254595971
1254596376 1254596379
1254596432 1254596439
1254598168 1254598175
1254598332 1254598335
1254598464 1254598479
1254598540 1254598543
1254598560 1254598567
1254598608 1254598615
1254599272 1254599279
1254599296 1254599319
1254599328 1254599335
1254599464 1254599471
1254599676 1254599679
1254599816 1254599831
1254599856 1254599863
1254600024 1254600027
1254600112 1254600127
1254600160 1254600175
1254600192 1254600199
1254602912 1254602919
1254602980 1254602983
1254603072 1254603087
1254604544 1254604799
1254604976 1254604983
1254605204 1254605207
1254605320 1254605327
1254605416 1254605431
1254605472 1254605487
1254605520 1254605527
1254605576 1254605591
1254605604 1254605607
1254605744 1254605759
1254607052 1254607055
1254607304 1254607311
1254607320 1254607327
1254607344 1254607351
1254607416 1254607423
1254607456 1254607487
1254607552 1254607583
1254607604 1254607607
1254607688 1254607691
1254607876 1254607879
1254607952 1254607959
1254608128 1254608159
1254608440 1254608447
1254608524 1254608527
1254608552 1254608555
1254608704 1254608751
1254608760 1254608767
1254608784 1254608787
1254608808 1254608823
1254609048 1254609055
1254609560 1254609567
1254609608 1254609615
1254609700 1254609703
1254610016 1254610023
1254610112 1254610127
1254610152 1254610175
1254610208 1254610215
1254610432 1254610439
1254610516 1254610519
1254610664 1254610671
1254610696 1254610699
1254610880 1254610887
1254611552 1254611559
1254611572 1254611575
1254611624 1254611663
1254611688 1254611695
1254611984 1254611991
1254612096 1254612223
1254612296 1254612303
1254612440 1254612455
1254612576 1254612583
1254612592 1254612607
1254612648 1254612679
1254612696 1254612711
1254612928 1254612943
1254613036 1254613039
1254613072 1254613079
1254613104 1254613135
1254613508 1254613511
1254613528 1254613531
1254613704 1254613727
1254613736 1254613751
1254613768 1254613775
1254613852 1254613855
1254613948 1254613951
1254614184 1254614199
1254614240 1254614263
1254614296 1254614303
1254614324 1254614327
1254614396 1254614399
1254614440 1254614455
1254614472 1254614479
1254614520 1254614535
1254614544 1254614559
1254614608 1254614615
1254614664 1254614671
1254614728 1254614767
1254614808 1254614815
1254614936 1254614943
1254614952 1254614959
1254614976 1254614979
1254615104 1254615119
1254615168 1254615175
1254615184 1254615191
1254615320 1254615327
1254615352 1254615355
1254615480 1254615487
1254615496 1254615503
1254615704 1254615707
1254615784 1254615791
1254615824 1254615831
1254616328 1254616343
1254616360 1254616383
1254616392 1254616399
1254616504 1254616507
1254616616 1254616631
1254616656 1254616659
1254616692 1254616695
1254616720 1254616727
1254616744 1254616747
1254616768 1254616775
1254616832 1254616839
1254616992 1254616995
1254617040 1254617055
1254617376 1254617383
1254617792 1254617799
1254617984 1254618015
1254618152 1254618155
1254618168 1254618171
1254618216 1254618219
1254618252 1254618259
1254618512 1254618515
1254618520 1254618527
1254618568 1254618575
1254618608 1254618615
1254618632 1254618639
1254618824 1254618831
1254618848 1254618855
1254619088 1254619091
1254619100 1254619103
1254619120 1254619199
1254619288 1254619303
1254619320 1254619327
1254619344 1254619351
1254619380 1254619383
1254619648 1254619671
1254619744 1254619751
1254619784 1254619791
1254619848 1254619855
1254619944 1254619983
1254620000 1254620015
1254620024 1254620031
1254620040 1254620047
1254620108 1254620111
1254620144 1254620147
1254620212 1254620215
1254620264 1254620271
1254620276 1254620279
1254620320 1254620327
1254620352 1254620359
1254620440 1254620443
1254620456 1254620463
1254620488 1254620495
1254620512 1254620519
1254620540 1254620543
1254620592 1254620615
1254620692 1254620695
1254620744 1254620747
1254620784 1254620799
1254620968 1254620975
1254620992 1254620999
1254621008 1254621071
1254621112 1254621119
1254621144 1254621151
1254621184 1254629375
1254989824 1254998015
1255002112 1255006207
1255010304 1255010815
1255047168 1255055359
1255077888 1255079935
1255276544 1255342079
1255366656 1255374847
1255514112 1255522303
1255571456 1255579647
1255697408 1255697663
1255698432 1255700479
1255715584 1255715839
1255716864 1255735295
1255953408 1255953663
1255972864 1255981055
1256001536 1256005631
1256032000 1256032255
1257504768 1257505279
1257512960 1257513983
1257523712 1257524223
1257536512 1257537023
1257545216 1257546239
1257551360 1257551871
1257563648 1257564159
1264718336 1264718847
1264719360 1264719871
1264746496 1264750591
1264762880 1264766975
1265320224 1265320239
1266137344 1266137599
1266147328 1266155519
1266486912 1266486975
1266489344 1266489471
1266507520 1266508031
1266523136 1266523391
1266525440 1266525695
1266532480 1266532607
1266541152 1266541183
1266542080 1266542591
1266543984 1266544015
1266544448 1266544463
1266631168 1266631679
1266641920 1266642431
1268252672 1268776959
1275621376 1275625471
1275666432 1275674623
1275707392 1275715583
1275756544 1275772927
1275789312 1275822079
1279262720 1279787007
1279918764 1279918767
1279918784 1279918847
1279918952 1279918959
1279918980 1279918983
1279919064 1279919071
1279919584 1279919591
1279919764 1279919767
1279919932 1279919935
1279920672 1279920679
1279920848 1279920855
1279920936 1279920939
1279921056 1279921059
1279921064 1279921071
1279921248 1279921255
1279921496 1279921503
1279921576 1279921579
1279921848 1279921851
1279922832 1279922839
1279922968 1279922975
1279923008 1279923015
1279923096 1279923103
1279923264 1279923271
1279923360 1279923367
1279923436 1279923439
1279923456 1279923463
1279923524 1279923527
1279923544 1279923547
1279923560 1279923563
1279923648 1279923655
1279923672 1279923679
1279923984 1279923987
1279924116 1279924119
1279924792 1279924799
1279924832 1279924839
1279925120 1279925127
1279925136 1279925143
1279925376 1279925383
1279925436 1279925439
1279925608 1279925615
1279925736 1279925739
1279925880 1279925883
1279926036 1279926039
1279926060 1279926063
1279926332 1279926335
1279926416 1279926423
1279926520 1279926523
1279926560 1279926567
1279926848 1279926867
1279927104 1279927135
1279927152 1279927159
1279928024 1279928031
1279929360 1279929367
1279929600 1279929855
1279931908 1279931908
1279931912 1279931915
1279931944 1279931959
1279932148 1279932159
1279932184 1279932187
1279932204 1279932207
1279932272 1279932275
1279932344 1279932347
1279933184 1279933191
1279933272 1279933279
1279934320 1279934323
1279934400 1279934407
1279934464 1279934975
1279935152 1279935159
1279935200 1279935207
1279935380 1279935383
1279935520 1279935527
1279935608 1279935615
1279935696 1279935699
1279935888 1279935891
1279935904 1279935911
1279936196 1279936199
1279936244 1279936247
1279936256 1279936263
1279936480 1279936495
1279936896 1279936899
1279936968 1279936975
1279937312 1279937343
1279937604 1279937607
1279937688 1279937691
1279938776 1279938779
1279938864 1279938867
1279939312 1279939319
1279939476 1279939479
1279939520 1279939583
1279939752 1279939759
1279939976 1279939983
1279940024 1279940035
1279940192 1279940203
1279940216 1279940219
1279940284 1279940287
1279940456 1279940463
1279941440 1279941455
1279942542 1279942542
1279942950 1279942950
1279943392 1279943399
1279944288 1279944295
1279944560 1279944567
1279944840 1279944855
1279944880 1279944887
1279945016 1279945047
1279945104 1279945111
1279945588 1279945591
1279945600 1279945607
1279945640 1279945655
1279945672 1279945679
1279945688 1279945695
1279945712 1279945727
1279946644 1279946655
1279946900 1279946903
1279946972 1279946975
1279946992 1279946995
1279947072 1279947075
1279947088 1279947095
1279947104 1279947111
1279947928 1279947943
1279947984 1279947991
1279948056 1279948063
1279948808 1279948815
1279948880 1279948887
1279949376 1279949379
1279949400 1279949407
1279949504 1279949511
1279949604 1279949607
1279949624 1279949655
1279949664 1279949671
1279949744 1279949767
1279949800 1279949807
1279949812 1279949815
1279950848 1279964159
1279965184 1279972351
1279973376 1279983615
1280000000 1280032767
1280040960 1280049151
1280049664 1280049919
1280051712 1280051967
1280052480 1280052735
1280073728 1280081919
1280131072 1280139263
1280242176 1280242687
1282356116 1282356119
1282356180 1282356183
1285871616 1285872639
1289726464 1289726479
1294223360 1294224127
1296940804 1296940807
1297173504 1297175551
1309760768 1309761023
1311280128 1311280383
1315745792 1315749887
1315920384 1315920895
1317668864 1317669119
1317671168 1317671423
1317677312 1317677567
1317680384 1317681151
1317682944 1317683199
1333768448 1333768703
1333774336 1333774591
1333782784 1333783039
1333788160 1333788415
1334071296 1334071807
1334280192 1334282239
1334284288 1334286335
1334683136 1334683647
1345011712 1345028095
1345290240 1345298431
1346838528 1346842623
1347817472 1347821567
1348545024 1348545279
1352469018 1352469018
1352469072 1352469079
1352469760 1352470015
1353644800 1353645055
1357316096 1357381631
1358161408 1358161919
1358680064 1358684159
1358876672 1358877695
1358878720 1358879743
1360235520 1360235775
1360826368 1360830463
1364990672 1364990687
1369977344 1369977599
1377123328 1377123839
1377125120 1377125375
1377126912 1377127167
1377139712 1377139967
1377143808 1377144063
1377167360 1377167615
1377213952 1377214207
1377231872 1377232127
1377262592 1377269503
1377270784 1377271295
1377271552 1377271807
1377274880 1377275391
1377283584 1377283839
1377284096 1377284351
1377284864 1377285375
1377285632 1377285887
1377293568 1377293823
1377295360 1377295615
1377351168 1377351423
1377381376 1377381631
1377414144 1377414655
1377426688 1377426943
1377489152 1377489407
1377490688 1377490943
1377493760 1377494015
1377554688 1377554943
1377555200 1377555455
1377558528 1377558783
1377661696 1377661951
1377663488 1377663743
1377664512 1377664767
1377691648 1377691903
1378262016 1378264063
1382205184 1382205439
1383422208 1383422463
1383422720 1383422975
1383423744 1383423999
1383583488 1383583743
1383584256 1383585791
1383586304 1383586815
1384206848 1384207103
1384948736 1384948991
1384949248 1384949503
1385773056 1385773311
1385811200 1385811455
1386135552 1386136063
1388691968 1388692479
1388692992 1388693503
1388695040 1388695551
1401910016 1401910271
1401923584 1401924351
1401924608 1401925119
1402241024 1402241535
1407516672 1407517183
1407518464 1407518719
1407519744 1407520255
1407523584 1407523839
1407524352 1407524607
1407525888 1407526399
1407531520 1407532287
1407533568 1407533823
1407540224 1407540479
1407544832 1407545087
1407545856 1407546111
1407546368 1407547391
1410600960 1410601215
1410603264 1410603519
1411880704 1411880959
1412348672 1412348927
1414211328 1414211583
1414212352 1414212607
1414213888 1414214143
1414215168 1414215423
1414216704 1414216959
1414218240 1414218495
1414221568 1414221823
1424802048 1424802303
1425347584 1425348095
1425348608 1425349119
1425350144 1425350655
1425500416 1425500927
1426644992 1426645247
1426857248 1426857343
1426857664 1426857727
1426857856 1426857919
1426857952 1426857967
1432038400 1432039423
1433608192 1433608447
1433627648 1433628671
1434090496 1434090751
1434117888 1434118143
1434689536 1434697727
1438373120 1438373887
1438573824 1438574079
1439722496 1439722751
1439781888 1439782911
1440322816 1440323071
1440333312 1440333823
1441568768 1441570815
1442717184 1442717439
1442724608 1442724863
1442735872 1442736127
1442743552 1442743807
1442744576 1442744831
1442820096 1442822143
1445335808 1445336063
1445346304 1445346559
1445347328 1445347583
1445361920 1445362175
1445364480 1445364735
1445367552 1445367807
1445380608 1445380863
1445384192 1445384447
1445989888 1445990399
1446386688 1446387711
1446400512 1446401023
1449810432 1449810687
1449817088 1449817599
1449895936 1449896191
1465124864 1465125119
1465158656 1465159679
1466064896 1466071039
1466249216 1466253311
1466260480 1466260735
1486098432 1486098687
1486102784 1486103039
1486112000 1486112255
1486112768 1486113023
1486114304 1486114559
1486116352 1486116607
1486117120 1486117375
1486118400 1486118655
1486121728 1486121983
1490575360 1490575615
1490729728 1490729983
1494374912 1494375167
1494405632 1494406143
1494428928 1494429183
1495154480 1495154495
1495311616 1495311871
1495431168 1495431423
1495551488 1495551743
1495801600 1495801855
1496072960 1496073215
1496073984 1496074239
1496182784 1496183039
1496184064 1496184319
1496312320 1496312575
1500031488 1500031999
1500203008 1500203263
1500203776 1500204031
1500779008 1500779263
1500788992 1500789247
1500791552 1500791807
1500821248 1500821503
1500843264 1500843519
1500864256 1500864511
1500864768 1500865535
1500870912 1500871167
1500887296 1500888063
1500889088 1500889599
1501365248 1501366271
1501367808 1501368319
1502950400 1502950655
1502951424 1502951679
1502976440 1502976447
1502981416 1502981423
1502981456 1502981479
1502981616 1502981623
1506780416 1506780671
1506865152 1506869247
1507746304 1507746559
1508809728 1508809983
1509621760 1509622015
1509624064 1509624319
1534856192 1534856703
1534876416 1534876671
1539376640 1539376895
1539888128 1539889151
1540019968 1540020223
1540469504 1540469759
1540506880 1540507135
1541319680 1541320703
1541807104 1541808127
1542334720 1542334975
1542427456 1542427471
1542427584 1542427599
1542494720 1542494975
1542644480 1542644735
1542747904 1542748159
1542751488 1542751743
1542805504 1542806015
1542848000 1542848255
1542856192 1542856447
1546307584 1546307839
1550845696 1550845951
1550855168 1550855423
1550860544 1550861055
1550870784 1550871039
1550871552 1550871807
1550878976 1550879231
1550880512 1550880767
1550901248 1550901503
1550926080 1550926335
1550956288 1550956543
1559445504 1559445759
1566378752 1566379007
1567713024 1567713039
1567713048 1567713055
1567713152 1567713167
1567713176 1567713183
1567713200 1567713215
1567713248 1567713255
1567713272 1567713279
1567733504 1567733759
1567767808 1567768063
1567883008 1567883263
1568107008 1568107263
1568370432 1568370687
1572036608 1572038655
1572040704 1572042751
1572043776 1572044799
1572286464 1572286719
1582074624 1582074879
1582078720 1582078975
1582084352 1582084607
1582087424 1582087679
1583809536 1583810559
1586233856 1586234367
1587283968 1587284223
1587292928 1587293183
1587319808 1587320063
1589547008 1589547263
1590091776 1590093823
1590095872 1590097919
1593423992 1593423992
1602618368 1602618623
1602637568 1602637823
1602640896 1602641151
1602643968 1602646015
1602646528 1602647039
1602650112 1602650367
1602653440 1602653695
1602734848 1602735103
1602744576 1602744831
1602745344 1602745599
1604567040 1604571135
1604911104 1604919295
1605182464 1605183487
1605229312 1605229567
1605745664 1605746687
1607899136 1607900159
1610678272 1610743807
1611088896 1611089919
1611122944 1611123199
1611228160 1611229183
1611260416 1611260671
1611923456 1612185599
1612611584 1612627967
1613488128 1613492223
1613504512 1613529087
1613531136 1613531903
1613535232 1613535487
1613535744 1613535999
1613537024 1613537279
1613539072 1613539327
1613539840 1613540095
1613545472 1613565951
1613572864 1613572867
1613572869 1613572941
1613572943 1613572944
1613572946 1613572960
1613572962 1613572991
1613572993 1613573015
1613573017 1613573043
1613573045 1613573119
1613573888 1613575167
1613583360 1613583615
1613606912 1613615103
1613635584 1613643775
1613645824 1613646079
1613646592 1613646847
1613676544 1613680639
1613737984 1613742079
1613758464 1614282751
1614741504 1614757887
1614774272 1614786559
1618837504 1618841599
1618849792 1618862079
1618866176 1618870271
1618888192 1618888447
1618912256 1618913279
1618916352 1618916863
1618984960 1619001343
1631588352 1631596543
1631604736 1631605759
1631610880 1631612927
1631614976 1631617023
1632305152 1632321535
1632354304 1632362495
1634414592 1634418687
1634447360 1634451455
1634455552 1634460671
1634467840 1634729983
1650537472 1650537983
1650563072 1650563583
1650581504 1650585599
1652293632 1652310015
1652330880 1652330887
1652330936 1652330975
1652332216 1652332223
1652332256 1652332263
1652332568 1652332575
1652332736 1652332739
1652332744 1652332747
1652332824 1652332831
1652332936 1652332943
1652333880 1652333887
1652334208 1652334215
1652334440 1652334447
1652334484 1652334487
1652334532 1652334543
1652334608 1652334615
1652334728 1652334735
1652334896 1652334911
1652335112 1652335115
1652335200 1652335207
1652335244 1652335247
1652335272 1652335279
1652335344 1652335351
1652335412 1652335415
1652335504 1652335511
1652335584 1652335599
1652336180 1652336183
1652336432 1652336463
1652336648 1652336655
1652336664 1652336671
1652336720 1652336727
1652336788 1652336791
1652336912 1652336915
1652336984 1652336987
1652337096 1652337103
1652342614 1652342614
1653506048 1653510143
1653534720 1653538815
1653555200 1653567487
1653571584 1653575679
1653592064 1653596159
1653600256 1653604351
1654542336 1654546431
1654554624 1654558719
1654648832 1654652927
1666029056 1666029311
1666050304 1666050559
1666121728 1666187263
1666362880 1666363135
1670873088 1670875135
1670883328 1670885375
1673527296 1673560063
1673845080 1673845087
1673986048 1674051583
1674575872 1677721599
1680535552 1680539647
1680564224 1680572415
1719770624 1719770879
1719771392 1719771647
1722100224 1722100479
1729485824 1729486335
1729793024 1729794047
1731207936 1731208191
1731607296 1731607551
1732008704 1732008959
1732101888 1732102143
1732645888 1732646911
1732998144 1732999167
1733261312 1733262335
1734462208 1734462463
1734530816 1734531071
1735058432 1735059455
1735294464 1735294719
1735907328 1735908351
1735991296 1735991551
1736062172 1736062175
1736139776 1736140799
1736339456 1736340479
1737013760 1737014015
1737229056 1737229311
1737259008 1737259519
1737535488 1737535999
1737981440 1737981951
1739688192 1739688447
1741178880 1741179391
1741558272 1741558783
1741976320 1741976575
1742095616 1742095871
1742189568 1742190079
1742301184 1742301695
1742425600 1742425855
1744226304 1744227327
1744247808 1744248319
1744658432 1744659455
1744715520 1744715775
1746280192 1746280703
1746304000 1746304767
1746315264 1746315519
1746315776 1746316031
1746667768 1746667787
1746669437 1746669437
1746670612 1746670618
1746670810 1746670818
1746671210 1746671218
1746671378 1746671384
1746672179 1746672185
1746672351 1746672356
1746672576 1746672584
1746675458 1746675474
1746677760 1746677783
1746679554 1746679600
1746680066 1746680112
1746684928 1746684928
1746684936 1746684965
1746684984 1746684984
1746684989 1746684990
1746685440 1746685441
1746685448 1746685477
1746685487 1746685488
1746685495 1746685496
1746685501 1746685502
1746687232 1746687249
1746687252 1746687253
1746690304 1746690314
1746691840 1746691849
1746692096 1746692105
1746693376 1746693377
1746693386 1746693432
1746693437 1746693439
1746693888 1746693903
1746695168 1746695189
1746696960 1746696979
1746696981 1746696983
1746697216 1746697235
1746699266 1746699310
1746699520 1746699568
1746700356 1746700361
1746700402 1746700406
1746700488 1746700491
1746700676 1746700676
1746700770 1746700770
1746700923 1746700923
1746700959 1746700959
1746700961 1746700961
1746700969 1746700969
1746701063 1746701063
1746701076 1746701082
1746701607 1746701607
1746701748 1746701754
1746701794 1746701807
1746701837 1746701837
1746701969 1746701969
1746702172 1746702172
1746702620 1746702629
1746702759 1746702768
1746702910 1746702914
1746704520 1746704520
1746704522 1746704522
1746704530 1746704530
1746704668 1746704677
1746704807 1746704816
1746704959 1746704962
1746706639 1746706639
1746706750 1746706756
1746706801 1746706814
1746706852 1746706852
1746707165 1746707165
1746707463 1746707463
1746707476 1746707482
1746707830 1746707830
1746707920 1746707925
1746707966 1746707966
1746707969 1746707972
1746708054 1746708057
1746708241 1746708241
1746708335 1746708335
1746708562 1746708567
1746709164 1746709172
1746709677 1746709682
1746709959 1746709965
1746710131 1746710139
1746710380 1746710387
1746710608 1746710620
1746710649 1746710657
1746710951 1746710957
1746711511 1746711519
1746711684 1746711689
1746712066 1746712071
1746712312 1746712318
1746712608 1746712614
1746712888 1746712895
1746713140 1746713148
1746713824 1746713830
1746714118 1746714123
1746714232 1746714240
1746714645 1746714651
1746714843 1746714851
1746715247 1746715255
1746715417 1746715423
1746716224 1746716230
1746716396 1746716401
1746716623 1746716631
1746716771 1746716776
1746717377 1746717385
1746717894 1746717899
1746718178 1746718184
1746718352 1746718360
1746718603 1746718610
1746718833 1746718845
1746718874 1746718882
1746719178 1746719184
1746719742 1746719742
1746719745 1746719752
1746719917 1746719922
1746720303 1746720308
1746720551 1746720557
1746720849 1746720855
1746721131 1746721138
1746721385 1746721393
1746722075 1746722081
1746722371 1746722376
1746722485 1746722493
1746722837 1746722843
1746723035 1746723043
1746723439 1746723447
1746723609 1746723615
1746724416 1746724422
1746724588 1746724593
1746724815 1746724823
1746724963 1746724968
1746725569 1746725577
1746726086 1746726091
1746726370 1746726376
1746726544 1746726552
1746726795 1746726802
1746727025 1746727037
1746727066 1746727074
1746727370 1746727376
1746727934 1746727934
1746727937 1746727944
1746728109 1746728114
1746728495 1746728500
1746728743 1746728749
1746729041 1746729047
1746729323 1746729330
1746729577 1746729585
1746730267 1746730273
1746730563 1746730568
1746730677 1746730685
1746759168 1746759423
1746830430 1746830430
1746830449 1746830449
1746830636 1746830636
1746830649 1746830650
1746830675 1746830675
1746830688 1746830688
1746830821 1746830822
1746830834 1746830835
1746830886 1746830886
1746830929 1746830929
1746830959 1746830959
1746830991 1746830991
1746830994 1746830994
1746831013 1746831013
1746831069 1746831069
1746831079 1746831079
1746831084 1746831084
1746831118 1746831118
1746831128 1746831128
1746831229 1746831229
1746831264 1746831265
1746831287 1746831287
1746831308 1746831308
1746831342 1746831342
1746831357 1746831357
1746837527 1746837527
1746837538 1746837538
1746837600 1746837600
1746837631 1746837631
1746837672 1746837672
1746837695 1746837695
1746837703 1746837703
1746837751 1746837751
1746837754 1746837754
1746837779 1746837779
1746837792 1746837792
1746837935 1746837935
1746837964 1746837964
1746838037 1746838037
1746838063 1746838063
1746838065 1746838065
1746838100 1746838100
1746838104 1746838104
1746838121 1746838121
1746838224 1746838224
1746838230 1746838230
1746838242 1746838242
1746838304 1746838305
1746838360 1746838360
1746838371 1746838371
1746838385 1746838385
1746838414 1746838414
1746838428 1746838428
1746838498 1746838498
1746838504 1746838504
1746838565 1746838565
1746838571 1746838571
1746838588 1746838588
1746838605 1746838605
1746838635 1746838635
1746838692 1746838692
1746838753 1746838754
1746838762 1746838762
1746838841 1746838841
1746838868 1746838868
1746838879 1746838879
1746838889 1746838889
1746838926 1746838926
1746838968 1746838968
1746838970 1746838970
1746838986 1746838986
1746839000 1746839000
1746839221 1746839221
1746839236 1746839236
1746839238 1746839239
1746839256 1746839256
1746839323 1746839323
1746839325 1746839327
1746839371 1746839371
1746839375 1746839375
1746839418 1746839418
1746839421 1746839421
1746839483 1746839483
1746839520 1746839520
1746839523 1746839523
1746839552 1746839552
1746839609 1746839610
1746839617 1746839617
1746839621 1746839621
1746839698 1746839698
1746839721 1746839722
1746839730 1746839730
1746839756 1746839756
1746839771 1746839771
1746839782 1746839783
1746839789 1746839789
1746839801 1746839801
1746839806 1746839807
1746839887 1746839888
1746840035 1746840055
1746840300 1746840300
1746840312 1746840312
1746840348 1746840350
1746840352 1746840358
1746840360 1746840370
1746840806 1746840806
1746840819 1746840819
1746840829 1746840829
1746840920 1746840920
1746840931 1746840931
1746840934 1746840934
1746840947 1746840947
1746840955 1746840955
1746840991 1746840991
1746840994 1746840994
1746841001 1746841001
1746841009 1746841009
1746841241 1746841241
1746841393 1746841393
1746841415 1746841416
1746841499 1746841499
1746841532 1746841532
1746841540 1746841540
1746841545 1746841547
1746841549 1746841549
1746841621 1746841621
1746841667 1746841667
1746841708 1746841708
1746841759 1746841759
1746841794 1746841794
1746841824 1746841824
1746841848 1746841848
1746841851 1746841852
1746841895 1746841895
1746841913 1746841913
1746841920 1746841920
1746841923 1746841923
1746841945 1746841945
1746841961 1746841961
1746841964 1746841964
1746842035 1746842035
1746842067 1746842067
1746842174 1746842174
1746842188 1746842188
1746842190 1746842190
1746842194 1746842194
1746842203 1746842203
1746842234 1746842234
1746842263 1746842263
1746842295 1746842295
1746842301 1746842301
1746842442 1746842442
1746842479 1746842479
1746842484 1746842484
1746842487 1746842487
1746842500 1746842500
1746842503 1746842503
1746842507 1746842507
1746842604 1746842604
1746842611 1746842611
1746842631 1746842631
1746842665 1746842665
1746842673 1746842673
1746842832 1746842833
1746862352 1746862367
1747191808 1747193855
1747206144 1747208191
1747215360 1747216383
1747219456 1747220479
1747227648 1747228671
1747229696 1747230719
1747232768 1747234815
1747235840 1747237887
1747260416 1747261439
1747270656 1747272703
1747273728 1747274751
1747275776 1747276799
1747283968 1747284991
1747293184 1747294207
1747306496 1747308543
1747316736 1747317759
1747737888 1747737951
1747738384 1747738415
1747765984 1747766047
1747777680 1747777743
1747929984 1747930111
1749880320 1749880831
1750637568 1750638591
1751611392 1751613439
1753239552 1753243647
1753255936 1753260031
1753264640 1753265151
1753266176 1753267199
1753280512 1753284607
1753309184 1753317887
1753318912 1753319423
1753325056 1753325567
1753330688 1753332735
1753661952 1753662015
1753663744 1753663999
1753722908 1753722911
1753729656 1753729659
1753729668 1753729671
1753729680 1753729683
1753729700 1753729703
1753729708 1753729711
1753729728 1753729731
1753729744 1753729747
1753729752 1753729755
1753729760 1753729763
1753729768 1753729771
1753729776 1753729779
1753733752 1753733755
1753733764 1753733767
1753733776 1753733779
1753733796 1753733799
1753733804 1753733807
1753733824 1753733827
1753733840 1753733843
1753733848 1753733851
1753733856 1753733859
1753733864 1753733867
1753733872 1753733875
1753734684 1753734687
1754011648 1754012159
1754057728 1754057983
1754136576 1754169343
1754204160 1754204415
1754293584 1754293599
1754293624 1754293631
1754305840 1754305855
1754305872 1754305887
1754305904 1754305919
1754333184 1754337279
1754362880 1754363135
1754759168 1754761215
1754799104 1754800127
1754822656 1754823679
1754830848 1754831871
1754832896 1754835967
1754845184 1754846207
1754849280 1754850303
1754863616 1754864639
1754869760 1754870783
1754871808 1754872831
1754882048 1754884095
1754892288 1754894335
1754900224 1754900479
1754911744 1754912767
1754917888 1754918143
1755070464 1755074559
1755088896 1755089919
1755090944 1755091967
1755119616 1755283455
1755324416 1755328511
1755365376 1755374591
1755375104 1755375359
1755375616 1755376639
1755379456 1755381759
1755512832 1755578367
1755613440 1755613695
1755637760 1755638271
1755701760 1755702015
1755735040 1755737087
1755777536 1755777791
1755824128 1755824383
1755829248 1755831295
1755833344 1755834367
1755835392 1755836415
1755837952 1755838207
1755839488 1755840511
1756049408 1756053503
1756086272 1756086783
1756087040 1756087295
1756089344 1756090367
1757417472 1757419519
1757424640 1757425663
1757426688 1757427711
1757431808 1757432063
1757432832 1757433855
1757443072 1757446143
1757447168 1757448191
1757450240 1757451263
1757452288 1757453311
1757457408 1757458431
1757466624 1757468671
1757472768 1757473791
1757480960 1757481983
1757487104 1757489151
1757491200 1757497343
1757502464 1757503487
1757505536 1757506559
1757512704 1757513727
1757522944 1757523967
1757532160 1757534207
1757545472 1757545727
1757548544 1757549567
1757551616 1757569023
1757642752 1757675519
1757937664 1757941759
1757958144 1757962239
1757972992 1757973247
1757976064 1757976319
1757977088 1757977343
1758265344 1758330879
1758333184 1758333439
1758333696 1758333951
1758349312 1758349823
1758411520 1758412287
1759128576 1759129599
1759131648 1759133695
1759138816 1759139839
1759140864 1759141887
1759149056 1759150079
1759166720 1759166975
1759178240 1759178495
1759184896 1759186943
1759197184 1759199231
1759208448 1759209471
1759212544 1759217663
1759222784 1759223807
1759230976 1759233023
1759234048 1759236095
1759239168 1759240191
1759313920 1759346687
1759408128 1759412223
1759459450 1759459450
1759460864 1759461119
1759466496 1759467007
1759514880 1759515135
1759516672 1759517695
1759518720 1759520767
1759522816 1759525887
1759528960 1759529471
1759530496 1759530751
1759535104 1759559679
1759582208 1759582719
1759612416 1759617023
1759630351 1759630351
1759630437 1759630437
1759630481 1759630481
1759630499 1759630499
1759630520 1759630520
1759630523 1759630523
1759630537 1759630537
1759630541 1759630541
1759630547 1759630547
1759630622 1759630622
1759630696 1759630696
1759630717 1759630717
1759630764 1759630764
1759630844 1759630844
1759632128 1759632383
1759635456 1759637503
1759724544 1759724799
1759741440 1759741695
1759744664 1759744671
1759744680 1759744703
1759752704 1759752959
1759764480 1759764991
1759767296 1759767551
1760037888 1760038911
1760045312 1760045567
1760047104 1760051199
1760086016 1760088063
1760105472 1760105727
1760165888 1760231423
1760382976 1760385023
1760488192 1760488447
1760496896 1760497151
1760501760 1760504831
1760507648 1760507903
1760517888 1760518143
1760657408 1760673791
1760690176 1760747519
1760759808 1760763903
1760776192 1760784383
1760812544 1760813055
1760820736 1760820991
1760837632 1760839679
1760843776 1760845823
1760869376 1760870399
1760871424 1760872447
1760883712 1760884735
1760886784 1760888831
1760897024 1760899071
1760903168 1760904191
1760911360 1760913407
1760923648 1760924671
1760925696 1760929791
1760934912 1760935935
1760937984 1760939007
1760944128 1760945151
1760985088 1761017855
1761034240 1761035519
1761038336 1761039871
1761042432 1761042687
1761043456 1761044479
1761046528 1761047551
1761050112 1761050367
1761075200 1761083391
1761110016 1761111039
1761152512 1761152639
1761154816 1761155071
1761182720 1761183231
1761184768 1761185791
1761198080 1761214463
1761230848 1761239039
1761255424 1761255679
1761257216 1761257471
1761288192 1761292287
1761304576 1761308671
1761345536 1761345791
1761352448 1761352959
1761356032 1761356287
1761357824 1761358335
1761359616 1761359871
1761362432 1761362687
1761370112 1761370367
1761377280 1761377535
1761382144 1761382399
1761383168 1761383423
1761385984 1761386239
1761391360 1761391615
1761394944 1761395199
1761397504 1761397759
1761405696 1761405951
1761406105 1761406105
1761406976 1761407231
1761413376 1761413631
1761418240 1761418495
1761420972 1761420972
1761420974 1761420974
1761421015 1761421015
1761421045 1761421045
1761423616 1761424127
1761424640 1761424895
1761426688 1761426943
1761427456 1761427711
1761427968 1761428223
1761442304 1761442559
1761464832 1761465087
1761465344 1761465599
1761478656 1761479679
1761484800 1761485823
1761488896 1761489919
1761499136 1761501183
1761515520 1761517567
1761522688 1761523711
1761526784 1761527807
1761544192 1761546239
1761554432 1761555455
1761558528 1761560575
1761581056 1761583103
1761595392 1761596415
1781608448 1781612543
1795555328 1795571711
1805010176 1805010431
1805049856 1805066239
1805092864 1805093119
1805097472 1805097727
1805144064 1805148159
1805159576 1805159583
1805159592 1805159615
1805176344 1805176351
1805176360 1805176383
1805178136 1805178143
1805178152 1805178175
1805303296 1805303551
1805339648 1805339903
1805345280 1805345535
1805564416 1805564927
1805572096 1805573119
1805582336 1805647871
1805713408 1805717503
1805721600 1805723647
1805727744 1805733887
1805737984 1805742079
1805752320 1805752575
1806170112 1806172159
1806401536 1806434303
1806925824 1806958591
1807069440 1807069695
1807072512 1807072767
1807093760 1807097855
1807134720 1807138815
1807597568 1807646719
1807654912 1807656959
1815822336 1815826431
1815871488 1815875583
1815912448 1815920639
1816068096 1816133631
1822429184 1822433279
1822445568 1822453759
1822486528 1822490623
1822498816 1822502911
1822519296 1822523391
1822531584 1822535679
1822572544 1822605311
1822617344 1822618367
1822654464 1822670847
1822758144 1822758399
1822762240 1822762495
1822807552 1822807807
1822949376 1822982143
1823113216 1823129599
1823161344 1823161599
1823162368 1823170559
1823211520 1823342591
1823346688 1823350783
1823360512 1823360767
1823375360 1823379455
1823383552 1823387647
1823428608 1823432703
1823440896 1823444991
1823449088 1823453183
1823465472 1823469567
1823735808 1823866879
1833472000 1833476095
1834974224 1834974239
1835571200 1835572223
1835966464 1835974655
1839451424 1839451431
1840166912 1840167935
1842062336 1842062591
1842094848 1842095103
1842102528 1842102783
1842103296 1842103551
1842103808 1842104063
1842107904 1842108159
1843780096 1843780351
1843871744 1843888127
1856800000 1856800255
1856804096 1856804351
1861197824 1861201919
1861206016 1861210111
1909192448 1909192703
1917186304 1917186559
1932144128 1932144383
1960210432 1960212479
2147493888 2147494143
2147601152 2147601407
2147610112 2147610367
2147613952 2147614207
2148408320 2148408575
2150301696 2150367231
2151784448 2151788543
2152542208 2152542223
2152554368 2152554495
2152561440 2152561567
2153644480 2153644671
2153646848 2153646911
2154037248 2154102783
2155937792 2156003327
2156920832 2156986367
2159089408 2159089663
2159104654 2159104654
2159105346 2159105346
2159869952 2159935487
2160902400 2160902655
2162753536 2162819071
2164162560 2164163583
2164164608 2164165631
2164179968 2164180991
2164185088 2164186111
2164189184 2164190207
2166470912 2166471935
2166720512 2166722559
2166723584 2166724095
2166725632 2166725887
2166729472 2166729727
2166729984 2166730239
2166730752 2166731775
2166971136 2166971391
2169765888 2169766399
2170617856 2170683391
2170814464 2170879999
2172649472 2172715007
2174300160 2174304255
2174350336 2174351359
2175598592 2175664127
2176889856 2176890367
2176891904 2176892159
2178833920 2178835455
2178836992 2178837503
2178838528 2178839551
2178844672 2178846207
2178848256 2178850815
2178852352 2178852863
2178856960 2178857471
2178859008 2178860543
2178863104 2178864127
2178868736 2178869247
2178872832 2178873343
2178996480 2178996735
2181824512 2181825535
2181832448 2181832703
2181833728 2181834751
2181840384 2181840639
2181846784 2181847039
2181847296 2181847551
2181847808 2181848063
2181852672 2181852927
2181865216 2181865471
2181869568 2181870591
2181872640 2181872895
2181877504 2181877759
2181888256 2181888511
2182021120 2182086655
2182170880 2182171135
2182176768 2182217727
2183727616 2183727871
2183741184 2183741439
2183741952 2183742463
2183754752 2183755007
2183773952 2183774207
2183781120 2183781247
2183781504 2183781631
2183975168 2183975423
2184383488 2184385535
2184398848 2184400127
2184408064 2184408319
2184408832 2184409087
2184418304 2184419327
2184427520 2184428543
2184441856 2184442879
2185166848 2185232383
2187227648 2187228159
2188050432 2188115967
2188443648 2188509183
2192605696 2192605951
2192606208 2192606463
2192769024 2192834559
2197449472 2197449727
2197449984 2197450239
2197456128 2197456639
2197458944 2197460991
2197462272 2197462527
2197465600 2197466111
2197466624 2197467135
2197695744 2197695999
2197700608 2197708799
2197715456 2197715711
2204631040 2204696575
2205614600 2205614607
2206043904 2206044159
2206466048 2207121407
2207201792 2207202047
2207207936 2207208191
2207209728 2207209983
2207211520 2207212543
2207215360 2207215615
2207235328 2207235583
2208432128 2208454655
2208460800 2208468991
2208471040 2208481279
2208483328 2208487423
2208489472 2208491519
2208493568 2208497663
2208825114 2208825114
2210594816 2210660351
2211053568 2211119103
2212628480 2212630527
2212638464 2212642815
2212856088 2212856088
2212856216 2212856216
2212856344 2212856344
2212856472 2212856472
2212856600 2212856600
2212856728 2212856728
2212856856 2212856856
2212856984 2212856984
2212857112 2212857112
2212857240 2212857240
2212857368 2212857368
2212857496 2212857496
2212864512 2212864521
2212864526 2212864767
2212868632 2212868632
2212868760 2212868760
2212871960 2212871960
2212872088 2212872088
2212881688 2212881688
2212881816 2212881816
2212882712 2212882712
2212882840 2212882840
2212883200 2212883209
2212883224 2212883337
2212883352 2212883455
2212887832 2212887832
2212887960 2212887960
2213019648 2213085183
2213216256 2213281791
2214434048 2214434175
2214439040 2214439103
2218897408 2218898175
2218898432 2218899455
2224119808 2224123903
2224287744 2224291839
2224816128 2224881663
2226059592 2226059592
2227830784 2229010431
2229075968 2229141503
2229338112 2229403647
2230714368 2230779903
2248556226 2248556226
2250833920 2250899455
2251417600 2251419647
2252451840 2252453887
2252752896 2252753919
2252764160 2252765183
2253539072 2253539327
2253551616 2253553663
2253848576 2253914111
2255814656 2255880191
2256150528 2256154623
2256584704 2256592895
2258173952 2258239487
2260598784 2260664319
2260934656 2260935679
2260937472 2260937727
2260938752 2260939775
2260955136 2260956159
2260957440 2260957695
2260963328 2260964351
2260965120 2260965375
2260967424 2260969727
2260970496 2260972543
2260974592 2260975615
2260976640 2260977663
2260982784 2260983807
2260989952 2260990975
2261196800 2261198591
2261200128 2261200895
2261201920 2261202431
2261203456 2261203967
2261541995 2261541995
2263293952 2263302143
2263326336 2263326591
2263328768 2263328895
2263342592 2263342847
2263781632 2263782911
2263793824 2263794431
2263806720 2263806975
2263807744 2263807999
2264924160 2264989695
2265710592 2265776127
2266169344 2266234879
2266431488 2266497023
2270433280 2270437375
2270453760 2270454271
2270455808 2270456831
2270464000 2270465023
2270474240 2270478335
2273406976 2273407999
2273456640 2273457663
2273507840 2273508351
2273841536 2273841663
2273886208 2273902591
2281008128 2281009151
2281701888 2281702143
2281707776 2281708031
2281710336 2281710591
2281718528 2281718783
2281737728 2281737983
2281738496 2281739007
2281740544 2281741055
2281742592 2281743103
2281743360 2281743615
2281745152 2281745919
2281754880 2281755391
2281755648 2281755903
2281756160 2281756415
2281759232 2281759487
2281765376 2281765631
2281766144 2281766399
2282915328 2282915839
2283211056 2283211071
2283221120 2283221123
2283221128 2283221135
2283221152 2283221153
2283221180 2283221180
2283222016 2283222063
2283222080 2283222119
2283222124 2283222143
2283222149 2283222151
2283222153 2283222156
2283222158 2283222271
2283222304 2283222335
2283222352 2283222367
2283222380 2283222383
2283222430 2283222430
2283222464 2283222527
2283223320 2283223327
2283224008 2283224015
2283224720 2283224743
2283224784 2283224787
2283224846 2283224846
2283224955 2283224955
2291108864 2291109887
2291126272 2291130367
2291142912 2291143167
2291377664 2291377671
2292121600 2292187135
2293180416 2293182463
2293187584 2293188607
2293190400 2293190655
2293198848 2293199103
2293199872 2293200895
2293203968 2293206015
2293208064 2293209087
2293214208 2293215231
2293218048 2293218303
2293224448 2293224703
2296531968 2296532479
2296545792 2296545906
2296545908 2296546815
2296614020 2296614031
2296614086 2296614095
2296614138 2296614143
2296614174 2296614175
2296614206 2296614207
2296614238 2296614239
2296614270 2296614271
2296614296 2296614303
2296614328 2296614335
2296614360 2296614367
2296614386 2296614399
2296614418 2296614431
2296614450 2296614463
2296614482 2296614495
2296614508 2296614511
2296614524 2296614527
2296614540 2296614543
2296614550 2296614559
2296614572 2296614575
2296614582 2296614591
2296614598 2296614607
2296614614 2296614623
2296614630 2296614639
2296614646 2296614655
2296614662 2296614671
2296614678 2296614687
2296614694 2296614703
2296614710 2296614719
2296614726 2296614735
2296614742 2296614751
2296614758 2296614767
2296614774 2296614815
2296614822 2296614911
2296691200 2296691711
2296701696 2296701951
2296705536 2296705791
2296707584 2296708095
2299461632 2299527167
2300516352 2300517375
2300524544 2300525055
2300563456 2300563711
2303852544 2303918079
2303921664 2303922175
2303926016 2303926271
2303930368 2303931135
2303932672 2303932927
2303940352 2303940607
2303941120 2303941375
2303951616 2303952127
2303952896 2303953151
2303968256 2303968511
2303972096 2303972351
2304638976 2304704511
2306473984 2306539519
2307211264 2307211519
2308243456 2308308991
2309980160 2310012927
2310578176 2310582271
2310668288 2310733823
2312044544 2312110079
2312897536 2312898559
2312909824 2312910847
2313945088 2314010623
2315911168 2316042239
2317148160 2317156351
2317413120 2317413375
2317504512 2317505023
2317505280 2317505535
2318136320 2318137343
2318598144 2318663679
2320039936 2320105471
2320629760 2320695295
2320814080 2320818175
2321753344 2321753599
2322661376 2322726911
2323054592 2323120127
2323669528 2323669535
2323669544 2323669567
2323693568 2323701759
2328199168 2328211455
2328228864 2328230911
2328309760 2328310015
2328312064 2328312319
2329280512 2329346047
2329542656 2329608191
2330267648 2330271743
2330290432 2330290687
2330292224 2330296319
2331608064 2331608319
2331617280 2331617791
2331626752 2331627007
2331627264 2331627519
2331630592 2331631103
2331634944 2331635199
2331783936 2331784191
2332382208 2332383231
2333908992 2333910015
2333923840 2333924095
2335026944 2335027199
2335178752 2335244287
2335768576 2335834111
2335970304 2335971327
2335994880 2335995903
2336008192 2336009215
2336024576 2336026623
2336264192 2336265215
2336280576 2336283135
2336284672 2336285695
2336288768 2336290815
2338521088 2338586623
2338783232 2338848767
2341136240 2341136255
2341136384 2341136639
2341136656 2341136895
2341138944 2341139215
2341141088 2341141103
2341339136 2341404671
2341496832 2341498879
2343370752 2343436287
2343682048 2343684095
2343836672 2343837183
2343893504 2343893759
2354053120 2354118655
2354781184 2354781695
2354786816 2354787327
2354825728 2354826239
2354831872 2354832383
2355311360 2355311615
2355357440 2355357695
2355358976 2355359999
2355360256 2355360511
2355361280 2355361791
2355362048 2355362303
2355362560 2355362815
2355757056 2355765247
2355818496 2355822591
2358640640 2358652927
2359361536 2359427071
2359632384 2359632639
2359636992 2359637247
2359648256 2359649279
2360242176 2360246271
2360868864 2360877055
2360885248 2360934399
2361458688 2361524223
2362179584 2362180607
2362191360 2362192383
2362564864 2362565119
2363757824 2363758079
2363758592 2363758847
2363883520 2363949055
2364214272 2364215295
2364217344 2364218367
2364242176 2364242687
2364251648 2364252159
2364257280 2364258559
2364259328 2364260351
2364265472 2364265983
2364440576 2364448767
2365077541 2365077541
2365077797 2365077797
2365078053 2365078053
2365078309 2365078309
2365078565 2365078565
2365078821 2365078821
2365079077 2365079077
2365079333 2365079333
2365081600 2365081855
2365086464 2365086719
2365102080 2365104127
2366342656 2366343167
2372730880 2372747263
2372751360 2372751615
2372752640 2372752895
2372755456 2372773631
2372773888 2372774655
2372774912 2372775679
2372775808 2372792319
2373255168 2373386239
2373431296 2373435391
2376088832 2376089087
2376359168 2376359423
2376802560 2376802815
2376811008 2376811519
2376817664 2376818175
2378235904 2378236415
2378236928 2378237183
2378238976 2378239487
2378241536 2378242047
2378268672 2378269695
2378274048 2378274303
2378286080 2378286591
2378287104 2378287615
2378293760 2378294015
2378300928 2378301183
2382368768 2382376959
2382401536 2382405631
2382407680 2382409727
2382426112 2382626815
2382675968 2382684159
2382692352 2383085567
2383151104 2385250303
2385252352 2385260543
2385262592 2385264639
2385265170 2385265170
2385281024 2385903615
2385915904 2385919999
2385969152 2386034687
2386055168 2386059263
2386100224 2386296831
2386362368 2386624511
2386690048 2386952191
2387017728 2387410943
2387476480 2387542015
2387554304 2387556351
2387607552 2388000767
2388066304 2388131839
2388197376 2388328447
2388393984 2388459519
2388496384 2388500479
2388525056 2388857855
2388858880 2388877311
2388879360 2388880383
2388881408 2389245951
2389311488 2389639167
2389648640 2389648895
2389649152 2389649407
2389654528 2389655039
2389674240 2389674495
2389693440 2389693695
2389704704 2390818815
2390884352 2391048191
2391146496 2391277567
2391343104 2391998463
2392002304 2392010751
2392011264 2392011519
2392011776 2392012543
2392014080 2392014335
2392015360 2392015871
2392017408 2392017663
2392018432 2392018687
2392018944 2392019199
2392019456 2392019967
2392023040 2392024319
2392064000 2392096767
2392129536 2392457215
2392514560 2394816511
2394882048 2394947583
2395013120 2395078655
2395144192 2395209727
2395340800 2395602943
2395606016 2395607039
2395608832 2395609087
2395611136 2395612159
2395624448 2395625471
2395625984 2395626495
2395627520 2395628543
2395633664 2395634687
2395635712 2395635967
2395638272 2395638783
2395640832 2395642111
2395642368 2395642623
2395643904 2395644927
2395646976 2395647999
2395649024 2395650047
2395650560 2395651071
2395653632 2395653887
2395657216 2395658239
2395668480 2395750399
2395799552 2396389375
2396405760 2396422143
2396479488 2396483583
2396518400 2396519423
2396520448 2396848127
2396913664 2397307903
2397309696 2397310463
2397313024 2397313535
2397314048 2397314559
2397314816 2397315071
2397315840 2397316095
2397318144 2397318399
2397318656 2397319167
2397321728 2397322239
2397323776 2397324031
2397325568 2397325823
2397329408 2397329919
2397339392 2397339647
2397340160 2397340415
2397340928 2397341183
2397341440 2397341695
2397345280 2397345535
2397346048 2397346303
2397350400 2397350911
2397352960 2397353471
2397372416 2397700095
2397765632 2398552063
2398620672 2398621695
2398622720 2398623743
2398624768 2398625791
2398627328 2398627583
2398632960 2398633471
2398653440 2398654463
2398657536 2398657791
2398672896 2398673919
2398683136 2398684159
2398704640 2398705663
2398714880 2398715135
2398715648 2398715903
2398731264 2398732031
2398739456 2398739711
2398739968 2398740223
2398743808 2398744063
2398933760 2398934015
2398945280 2399010815
2399993856 2399997951
2400010240 2400012543
2400014336 2400014591
2400015360 2400015871
2400016384 2400016639
2400017408 2400017663
2400018432 2400018687
2400019456 2400019711
2400020480 2400020735
2400021504 2400021759
2400022528 2400022783
2400023552 2400023807
2400024576 2400024831
2400025600 2400025855
2400026624 2400026879
2400027648 2400027903
2400028672 2400028927
2400029696 2400029951
2400084736 2400084991
2400118784 2400120831
2401896448 2401898495
2406024704 2406026239
2406026752 2406027263
2406032896 2406033407
2406034432 2406034943
2406036992 2406037503
2406038016 2406038527
2406046720 2406047231
2406048768 2406049279
2406053888 2406054399
2406072832 2406075903
2406404096 2406408191
2407727712 2407727743
2407727968 2407727999
2407728224 2407728255
2410302464 2410302719
2410302728 2410302769
2410302771 2410302847
2410303104 2410303105
2410303107 2410303167
2410303226 2410303226
2410315930 2410315930
2410322332 2410322335
2410345234 2410345234
2410345240 2410345247
2412126208 2412130303
2413790208 2413790719
2413791744 2413792255
2413800448 2413800703
2415143680 2415143935
2415308839 2415308839
2417988864 2417989119
2418092544 2418093055
2418180096 2418212863
2419157120 2419157183
2421592064 2421593087
2421600000 2421600255
2421600768 2421601279
2421605376 2421606399
2424124672 2424125183
2424134272 2424134399
2424138240 2424138495
2424140032 2424140159
2424140544 2424140671
2424146816 2424146879
2424149760 2424149887
2424150016 2424150143
2424151808 2424151935
2424157504 2424157567
2424159872 2424159999
2424174336 2424174463
2424175488 2424175615
2424176512 2424176639
2426937600 2426937855
2426942464 2426945535
2426973184 2426973439
2426973952 2426974207
2426979328 2426980095
2426987008 2426987263
2426987776 2426988031
2426988544 2426989055
2427224064 2427256831
2427585602 2427585603
2427585882 2427585895
2427585898 2427585901
2427586020 2427586029
2427586398 2427586407
2427591881 2427591881
2427591897 2427591897
2427591899 2427591899
2428633088 2428698623
2429571072 2429572095
2429573120 2429573375
2429575168 2429577215
2429579264 2429580287
2430140416 2430205951
2430578688 2430578707
2430578712 2430578739
2430578744 2430578971
2430578976 2430579227
2430579232 2430579259
2430579268 2430579459
2430579464 2430579583
2430579592 2430579615
2430579620 2430579631
2430579636 2430579651
2430579660 2430579667
2430579672 2430580735
2430678784 2430679039
2430690816 2430691071
2430697472 2430697727
2430720512 2430722047
2431170256 2431170259
2431170488 2431170491
2435069696 2435069951
2435344384 2435345407
2437924096 2437924351
2445181952 2445182207
2445188864 2445189119
2445213696 2445279231
2450758400 2450758655
2450990592 2450991103
2454067968 2454068223
2454080256 2454080511
2454089728 2454089983
2454096128 2454096383
2454111744 2454111999
2454128640 2454130687
2454149632 2454150655
2454416384 2454417407
2454436866 2454436935
2454440960 2454441215
2454441258 2454441471
2454441498 2454441727
2454441730 2454441983
2454443010 2454443263
2454443288 2454443519
2455509248 2455510015
2455510272 2455510783
2456240128 2456248319
2456822784 2456823039
2456826880 2456827135
2456829952 2456830463
2456850688 2456850943
2456860672 2456860927
2456866048 2456866559
2456873984 2456874239
2456875264 2456875775
2458058752 2458124287
2461973504 2461974527
2461986816 2461990911
2466585600 2466586623
2466588928 2466589183
2466589440 2466589695
2466603008 2466611199
2467266560 2467274751
2467280896 2467282943
2468129792 2468130303
2468136704 2468136959
2468149248 2468149759
2469245184 2469245439
2469748736 2469752831
2471226880 2471227135
2471362560 2471363583
2471374848 2471375871
2472198912 2472199167
2472209920 2472210431
2472296448 2472300543
2474348544 2474350591
2474364928 2474366975
2474393600 2474397695
2474749952 2474750975
2476736768 2476737023
2476746752 2476747775
2476770304 2476770559
2476774400 2476774655
2478215168 2478219263
2478383616 2478383871
2478419712 2478419967
2478431744 2478432255
2478433792 2478434047
2478434304 2478434815
2478437632 2478438399
2478438656 2478438911
2478439168 2478439423
2478439936 2478440447
2478671872 2478672127
2478672384 2478672639
2478691328 2478691839
2478964736 2479030271
2481016146 2481016146
2482178784 2482178815
2482180768 2482180799
2482186496 2482186751
2482190432 2482190559
2482190624 2482190751
2482190848 2482190879
2482212288 2482212351
2482213568 2482213599
2482223456 2482223775
2482226432 2482226623
2482233728 2482233791
2482241024 2482241279
2482831360 2482880511
2486903808 2486904063
2486904576 2486904831
2486906368 2486906623
2486913536 2486913791
2486917888 2486918143
2486924800 2486925311
2486927360 2486928127
2486928896 2486929151
2486929408 2486929663
2486930688 2486930943
2486932736 2486932991
2486940672 2486941183
2486945280 2486945791
2486946816 2486947327
2486949888 2486951423
2486952960 2486953471
2486953984 2486955007
2486956544 2486957055
2487227648 2487227711
2487238656 2487246847
2487363584 2487365631
2487415040 2487415295
2487417856 2487418879
2488170752 2488171263
2488643584 2488645631
2490433536 2490499071
2490646528 2490654719
2490695680 2490761215
2493751296 2493755391
2494201856 2494218239
2497622016 2497624063
2497949184 2497949695
2498112000 2498112255
2500137280 2500137287
2500162304 2500162559
2500187392 2500187647
2500200988 2500200991
2500243488 2500243489
2500535814 2500535815
2500582432 2500582439
2500673536 2500673791
2500680192 2500680447
2500735024 2500735031
2501008640 2501008895
2501033984 2501038079
2501063680 2501063935
2501074944 2501076991
2501267712 2501268223
2501271296 2501271551
2501328640 2501328895
2501338112 2501338367
2502097152 2502097407
2502177024 2502177279
2503137792 2503138047
2503138816 2503139071
2503475200 2503540735
2503547904 2503548159
2503745536 2503753727
2504521216 2504521727
2505576448 2505576703
2505597184 2505597695
2506202112 2506203135
2506216448 2506217471
2506293248 2506358783
2507147776 2507148031
2507151872 2507152127
2507152384 2507152639
2507159040 2507159551
2507160064 2507160575
2507164160 2507164415
2507165696 2507165951
2507175680 2507177983
2507178496 2507178751
2507179520 2507180543
2507186176 2507190271
2507191552 2507192063
2507345920 2507354111
2507358208 2507366399
2507390976 2507395071
2507399168 2507407359
2507620352 2507636735
2508840960 2508841983
2509224448 2509224703
2511208448 2511208959
2511213312 2511213823
2511219200 2511219711
2511236096 2511237631
2511261696 2511262719
2511266304 2511266815
2511271936 2511272447
2516070400 2516074495
2516076544 2516076544
2516076799 2516076800
2516077055 2516077056
2516077311 2516077567
2516078592 2516090879
2516101120 2516107263
2516115456 2516123647
2523463680 2523529215
2523626496 2523626751
2529411328 2529411583
2529413120 2529413375
2531661824 2531663871
2532464640 2532465663
2540010496 2540011519
2540013568 2540014591
2541467648 2541468159
2542870528 2542878719
2545582217 2545582217
2545582496 2545582496
2545588480 2545588735
2545592064 2545592319
2545596928 2545596946
2545596948 2545597183
2545602048 2545602303
2546868248 2546868251
2546887424 2546887679
2546898432 2546898687
2546905088 2546905343
2548894464 2548895743
2548915968 2548916223
2549214976 2549215231
2549232128 2549232383
2549238784 2549239039
2549345280 2549345535
2549351936 2549352191
2549353472 2549353727
2549358080 2549358335
2549358592 2549358847
2549359104 2549359359
2549365504 2549365759
2549366272 2549366783
2549369600 2549369855
2549373440 2549373695
2549378560 2549378815
2549382400 2549382655
2549415680 2549415935
2549429760 2549430015
2549446144 2549446399
2549446912 2549447167
2549478912 2549479167
2549574912 2549575423
2552926208 2552927231
2554459136 2554460159
2560846848 2560847359
2560924414 2560924414
2562140374 2562140374
2565341184 2565406719
2565408768 2565409023
2565413632 2565413887
2565428992 2565429247
2565606912 2565607167
2565609728 2565609983
2565638400 2565638655
2569100800 2569101055
2569732096 2569797631
2569866240 2569866495
2569882368 2569882623
2569896960 2569897215
2569911040 2569911295
2570321920 2570338303
2570366208 2570366463
2570393088 2570398463
2570465536 2570467327
2570502144 2570502399
2570507264 2570507775
2570512640 2570513151
2571304960 2571305983
2571314688 2571317759
2571318272 2571318783
2571370496 2571436031
2571643008 2571643071
2571643136 2571643167
2571643200 2571643455
2571643840 2571643903
2571644160 2571644415
2571651840 2571652095
2571657984 2571658495
2571671296 2571671423
2571675648 2571675775
2571680512 2571680639
2571683328 2571683583
2571894784 2571902975
2572107776 2572109823
2572115968 2572118015
2572953600 2572953855
2583898624 2583898879
2583899904 2583900159
2583903232 2583903487
2583910400 2583910911
2583924736 2583930879
2583932928 2583934975
2584018944 2584084479
2584121856 2584122111
2584208384 2584208639
2584210432 2584210687
2584310272 2584310783
2584412160 2584477695
2584478464 2584478719
2584507392 2584508415
2584511168 2584511199
2584518656 2584520703
2584549376 2584550399
2584560640 2584561663
2584577024 2584578047
2584596480 2584597503
2584767744 2584767999
2584784640 2584784895
2584785408 2584785663
2584842752 2584843007
2584854528 2584855551
2584856576 2584857599
2584870144 2584870399
2584908080 2584908087
2584908096 2584908103
2585001984 2585067519
2585076736 2585077759
2585079360 2585079391
2585081856 2585082367
2585082880 2585084415
2585104992 2585105023
2585111552 2585112575
2585128448 2585128703
2585141376 2585141503
2585141632 2585141759
2585142400 2585142527
2585142656 2585142911
2585143040 2585143167
2585143872 2585143935
2585144000 2585144127
2585144480 2585144511
2585144544 2585144575
2585145024 2585145087
2585145440 2585145471
2585145504 2585145535
2585157632 2585165823
2585174016 2585182207
2585468928 2585477119
2585531392 2585532415
2585565184 2585565695
2585596672 2585596927
2585659648 2585659903
2585667584 2585671679
2585697280 2585697791
2585707776 2585708031
2585712640 2585713151
2586166272 2586166783
2586185728 2586186751
2586191360 2586191871
2586218496 2586222591
2586399232 2586400255
2586704896 2586705919
2586712576 2586713343
2586775808 2586776063
2586811136 2586811391
2586811904 2586812159
2586970112 2586972159
2586983424 2586984191
2586992640 2586992895
2587045376 2587045887
2587103488 2587103743
2587104000 2587104255
2587105024 2587105279
2587105536 2587106559
2587232512 2587232515
2587232528 2587232531
2587232820 2587232823
2587232944 2587232947
2587233112 2587233115
2587389952 2587390463
2587391488 2587391743
2587732480 2587732991
2587755904 2587755911
2587755936 2587755943
2587901952 2587918335
2589001728 2589002239
2589810432 2589810687
2589867520 2589867775
2592028672 2592028927
2598360064 2598361087
2600665088 2600730623
2601123840 2601189375
2601451520 2601517055
2603528704 2603529215
2607227904 2607228927
2607256576 2607257599
2607260672 2607261695
2607265792 2607266047
2607267840 2607268095
2607279104 2607280127
2607282688 2607282943
2608188416 2608188671
2608447488 2608447743
2608451584 2608451839
2608453632 2608453887
2608454656 2608454911
2608455680 2608456959
2608457216 2608457983
2608458240 2608459007
2608459776 2608460031
2608460288 2608460543
2608460800 2608461055
2608461824 2608462079
2609545216 2609553407
2612920320 2612920831
2612948224 2612948735
2612975872 2612976127
2612980992 2612981247
2613182464 2613247999
2613854208 2613866495
2613868544 2613870591
2615279616 2615283711
2615318528 2615319039
2616776704 2616782847
2617115136 2617115647
2617131008 2617139199
2617140224 2617140735
2617149440 2617151487
2617164800 2617165823
2617168896 2617169151
2617169408 2617169919
2617172992 2617174015
2617176064 2617177087
2617966592 2618032127
2619473920 2619539455
2620129280 2620194815
2620227584 2620243967
2620981248 2621046783
2621651968 2621652223
2627359744 2627359999
2632253696 2632253951
2632285184 2632285439
2632298240 2632298495
2632314112 2632314367
2632473088 2632473599
2632948736 2632949247
2635591735 2635591735
2635591991 2635591991
2635592368 2635592368
2635592503 2635592503
2635592759 2635592759
2635593783 2635593783
2637430784 2637438975
2637447168 2637447423
2637451264 2637451519
2637746480 2637746495
2637753160 2637753167
2641938432 2641940479
2642582528 2642582531
2642582534 2642582534
2642583122 2642583122
2642583414 2642583414
2643931648 2643932159
2644982016 2644982271
2645024779 2645024780
2645024828 2645024828
2645025035 2645025036
2645025084 2645025084
2645025547 2645025548
2645025596 2645025596
2645026589 2645026590
2645026743 2645026743
2645027339 2645027340
2645027388 2645027388
2646179840 2646196223
2646546954 2646546954
2646547022 2646547022
2646547078 2646547078
2646547082 2646547082
2646547210 2646547210
2646547278 2646547278
2646547334 2646547334
2646547338 2646547338
2646551562 2646551562
2646551630 2646551630
2646551686 2646551686
2646551690 2646551690
2646551696 2646551699
2646551818 2646551818
2646551886 2646551886
2646551942 2646551942
2646551946 2646551946
2646551952 2646551955
2646561034 2646561034
2646561102 2646561102
2646561158 2646561158
2646561162 2646561162
2646561170 2646561170
2646565130 2646565130
2646565198 2646565198
2646565254 2646565254
2646565258 2646565258
2647654400 2647670783
2649113600 2649114623
2650013696 2650079231
2650669824 2650670079
2650709760 2650710015
2654142464 2654142975
2654145024 2654145279
2654149632 2654150655
2654153728 2654154751
2654155264 2654156799
2654160896 2654161919
2654162432 2654162687
2654171136 2654171647
2654173184 2654174207
2654196224 2654196735
2654197760 2654199807
2654200832 2654201855
2654202880 2654203903
2654204928 2654205951
2655322112 2655387647
2656387072 2656402520
2656402522 2656403455
2657041920 2657042431
2657057792 2657059327
2657059840 2657060351
2657084928 2657085439
2657763328 2657779711
2657804288 2657810431
2659188736 2659254271
2661482496 2661548031
2662141952 2662142463
2662156288 2662156799
2662163456 2662163711
2662174976 2662175231
2665375744 2665377791
2667002880 2667003135
2667009024 2667009279
2667708416 2667773951
2667970560 2668036095
2668761088 2668765183
2668774656 2668774911
2668781056 2668785663
2668789760 2668797951
2668801792 2668822527
2668953600 2669019135
2669281280 2669297663
2669674496 2669805567
2670288896 2670297087
2670304256 2670305279
2670765568 2670765823
2670767104 2670767359
2671181824 2671247359
2671555584 2671555839
2671558272 2671558303
2671558336 2671558367
2673438720 2673442815
2674958848 2674959359
2674960384 2674961407
2674977024 2674977279
2675744768 2675761151
2675845120 2675845375
2677639168 2677639679
2677640960 2677641727
2678006016 2678006527
2679046144 2679111679
2679177216 2679242751
2680340736 2680340991
2680881152 2680897535
2681077760 2681143295
2681208832 2681274367
2682716160 2682781695
2682916608 2682916863
2682924160 2682924287
2683466490 2683466490
2685724672 2685725695
2686019660 2686019660
2686019840 2686019871
2686019916 2686019916
2686019968 2686020033
2686500864 2686509055
2686558464 2686558591
2691301376 2691366911
2697627139 2697627139
2699010048 2699012095
2699015168 2699015679
2699549728 2699549735
2699549792 2699549799
2701137920 2701138175
2702376960 2702442495
2703625472 2703626239
2703627520 2703627775
2703628288 2703630335
2703638016 2703638527
2703669248 2703669759
2705662464 2705662719
2708254976 2708255487
2708684800 2708692991
2708701184 2708709375
2708711168 2708711679
2708712960 2708713215
2708725760 2708733951
2709593600 2709593855
2709601280 2709601535
2709610496 2709620735
2709622784 2709624831
2709625856 2709626879
2709631488 2709631999
2709633536 2709633791
2709648640 2709648895
2710372352 2710437887
2711216128 2711224319
2712535040 2712535551
2713190400 2713255935
2713387008 2713452543
2713812992 2713829375
2713945600 2713945855
2714178048 2714178303
2714203904 2714204159
2714215424 2714216447
2714223616 2714224639
2714225408 2714225663
2714232320 2714232575
2715287552 2715353087
2717908992 2717941759
2717945856 2717947903
2717972480 2717974527
2718569984 2718570239
2718570752 2718571007
2718571264 2718571519
2718596973 2718596974
2718598656 2718599167
2718601472 2718601727
2719716864 2719718143
2720114688 2720116735
2720117760 2720118271
2720118528 2720118783
2720119808 2720120319
2720120576 2720120831
2720126976 2720129023
2720766976 2720767231
2720799488 2720799743
2720857344 2720857599
2721382400 2721447935
2722496512 2722562047
2724855808 2724921343
2725806592 2725806595
2725807424 2725807455
2725807464 2725807551
2725807984 2725808063
2725808416 2725808447
2725808928 2725808959
2725810408 2725810415
2725815344 2725815359
2725815604 2725815615
2725820824 2725820827
2725820888 2725820891
2725820952 2725820955
2725821016 2725821019
2725821080 2725821083
2725821144 2725821147
2725822649 2725822655
2725822691 2725822691
2725822693 2725822701
2725822704 2725822719
2725822952 2725822952
2725823822 2725823822
2725824194 2725824199
2725824208 2725824223
2725824435 2725824439
2725825135 2725825137
2725825418 2725825471
2725825484 2725825484
2725825486 2725825535
2725830208 2725830223
2725830288 2725830303
2725835392 2725835471
2725835476 2725835485
2725835488 2725835494
2725835501 2725835503
2725835505 2725835508
2727018496 2727084031
2727155200 2727155711
2727234304 2727234559
2727244288 2727245311
2727247360 2727247871
2728132608 2728263679
2728288768 2728289023
2728295424 2728296447
2728300544 2728301311
2728355328 2728355583
2731543552 2731544831
2731549696 2731550719
2731555840 2731556863
2731560960 2731561983
2731563008 2731564031
2731566080 2731567103
2731573248 2731606015
2731673600 2731674623
2731679744 2731680767
2731685888 2731686911
2731712512 2731714559
2731717632 2731718655
2731728896 2731729919
2731739648 2731740159
2731761664 2731763711
2731765760 2731767807
2731784192 2731785215
2731786240 2731788287
2731790336 2731792383
2731793408 2731797503
2731804672 2731805695
2731819008 2731821055
2731828224 2731829247
2731831296 2731832319
2731853824 2731855871
2731862016 2731864063
2731870208 2731871231
2731874304 2731876351
2731894784 2731896831
2731900928 2731901439
2731902976 2731903999
2731908096 2731909119
2732086272 2732087295
2732097536 2732098559
2732099584 2732099839
2732111872 2732113919
2732131328 2732132351
2732136448 2732138495
2732145664 2732146687
2732189696 2732192767
2732204032 2732206079
2732217344 2732218367
2732227584 2732228607
2732261376 2732265471
2732273664 2732275711
2732278784 2732279807
2732292096 2732294143
2732302336 2732303359
2732306432 2732307455
2732308480 2732310527
2732320768 2732321023
2732321280 2732321791
2732322048 2732322815
2732336128 2732337151
2732375040 2732376063
2732379136 2732380159
2732390400 2732391423
2732395520 2732396543
2732423168 2732425215
2732429312 2732430335
2732443648 2732445695
2732455936 2732457983
2732472320 2732474367
2732478464 2732479487
2732488704 2732490751
2732492800 2732493823
2732494848 2732495871
2732497920 2732499967
2732519424 2732520447
2732523520 2732525567
2732534784 2732536831
2732549120 2732550143
2732553216 2732554495
2732555008 2732555263
2732556032 2732556287
2732563456 2732563967
2732580864 2732582911
2733911040 2733912063
2733922304 2733923327
2733930496 2733931519
2733958144 2733959167
2733960192 2733962239
2733963264 2733964287
2733979648 2733980671
2734002176 2734003199
2734018560 2734020607
2734026752 2734030847
2734032896 2734034943
2734044160 2734045183
2734063616 2734064639
2734070784 2734071807
2734100480 2734102527
2734105600 2734106623
2734119936 2734120959
2734125056 2734129151
2734139392 2734139647
2734152448 2734152703
2734153728 2734155775
2734158848 2734159103
2734159360 2734159615
2734170112 2734172159
2734180352 2734182399
2734192640 2734194687
2734200832 2734202879
2734204928 2734205951
2734206976 2734209023
2734218240 2734218751
2734229504 2734230527
2734233600 2734234623
2734237696 2734238719
2734249984 2734252031
2734268416 2734270463
2734287872 2734288895
2734296064 2734297087
2734304256 2734305279
2734336000 2734338047
2734341120 2734344191
2734349312 2734350335
2734362624 2734363647
2734376960 2734379007
2734389248 2734390271
2734407680 2734409727
2734411520 2734411775
2734420207 2734420207
2734420900 2734420900
2734427136 2734428159
2734435328 2734436351
2734447616 2734448639
2734452736 2734454783
2734457856 2734458879
2734467328 2734467583
2734471168 2734472191
2734476288 2734477311
2734479360 2734481407
2734488576 2734489599
2734491648 2734492671
2734494720 2734495231
2734502912 2734503935
2734507776 2734508031
2734522368 2734523391
2734524416 2734526463
2734539776 2734541823
2734552064 2734555135
2734565376 2734566399
2734588928 2734589951
2734599168 2734601215
2734633984 2734635007
2734649344 2734650367
2734658560 2734659583
2734665728 2734666751
2734679040 2734680063
2734684160 2734686207
2737785856 2737786879
2742208256 2742208511
2742321664 2742321752
2742321757 2742321919
2742324480 2742324822
2742324824 2742324824
2742324828 2742325247
2742325293 2742325293
2742325298 2742325298
2742325632 2742325633
2742325947 2742325947
2742325950 2742325950
2742327296 2742328063
2742349056 2742349311
2742349568 2742349823
2742352669 2742352670
2742352727 2742352727
2742352729 2742352729
2742353507 2742353508
2742353688 2742353688
2742353742 2742353742
2742353764 2742353765
2742575104 2742583295
2742790144 2742791167
2742794240 2742795263
2742802688 2742802943
2742805504 2742806527
2744844288 2744909823
2745915648 2745915903
2745932544 2745932799
2746655744 2746655999
2746662912 2746679295
2747719680 2747720703
2749611776 2749612031
2752643328 2752644095
2752684544 2752685055
2752688128 2752688383
2752702464 2752702719
2758148096 2758213631
2761456128 2761456639
2761465088 2761465343
2761523335 2761523340
2761523684 2761523686
2761523968 2761525247
2761532672 2761532927
2761534464 2761534975
2761535232 2761537043
2761537048 2761538559
2761538576 2761538815
2761538820 2761538820
2761539072 2761539583
2761554192 2761554195
2761554204 2761554207
2761554256 2761554263
2761554268 2761554271
2761554300 2761554303
2761554736 2761554743
2761554864 2761554871
2762178304 2762178559
2762342400 2762407935
2768340704 2768340735
2768340960 2768340991
2768370176 2768371711
2769739776 2769743871
2773818624 2773818879
2773823232 2773823359
2773825664 2773825791
2773833728 2773834239
2773838528 2773838559
2773838992 2773839007
2773851328 2773851391
2773853696 2773853951
2773864192 2773864447
2773865472 2773865727
2773866112 2773866239
2773869952 2773870079
2773873024 2773873151
2773943680 2773943775
2773946112 2773946367
2773949440 2773949463
2773949472 2773949487
2773949504 2773949519
2773949536 2773949551
2773949568 2773949583
2775777280 2775842815
2776445696 2776445951
2777421824 2777422847
2777423872 2777425919
2777426944 2777428991
2777429760 2777430271
2777441280 2777442303
2777443072 2777443327
2777452032 2777452287
2777453568 2777454591
2777459712 2777460735
2777467904 2777468927
2777474048 2777475071
2780364800 2780430335
2781623808 2781624319
2782721120 2782721135
2783039488 2783041023
2783125504 2783129599
2783383552 2783383807
2783384320 2783385087
2783385344 2783386111
2783386368 2783387647
2784296960 2784329727
2784354304 2784358399
2784949152 2784949167
2785031936 2785032191
2785033216 2785034239
2785044992 2785045247
2785048320 2785048575
2785055488 2785055743
2785087744 2785087999
2788163584 2788229119
2789113856 2789146623
2790804992 2790805247
2790818304 2790818559
2802515968 2802581503
2802925568 2802927615
2802944000 2802944255
2803892224 2805465087
2806644736 2806710271
2807203840 2807204095
2807441690 2807441690
2807441697 2807441705
2807441707 2807441711
2807566336 2807570431
2807574528 2807576575
2807586816 2807588863
2807595008 2807599103
2807607296 2807611391
2807824384 2807889919
2807965952 2807966207
2807976448 2807976959
2807978496 2807980031
2807981568 2807981823
2807982080 2807982591
2807997952 2807998207
2807998976 2807999999
2808005632 2808006143
2808328192 2808332287
2808365056 2808373247
2808589312 2808589823
2808664064 2808666111
2809266176 2809331711
2810249216 2810314751
2811651072 2811651583
2812304384 2812304639
2812304896 2812305151
2812305264 2812305279
2812328162 2812328162
2812328448 2812328703
2812329740 2812329740
2812739840 2812740095
2812740864 2812741119
2812751360 2812751871
2816671744 2816737279
2817921024 2817921279
2817933568 2817934079
2817945344 2817945599
2818088960 2818097151
2818376704 2818377727
2818383616 2818384383
2818395136 2818395647
2818407424 2818407935
2818408192 2818408447
2818441216 2818449407
2818473984 2818478079
2818492416 2818494463
2824311328 2824311343
2824319744 2824319999
2824540160 2824544255
2824550400 2824552447
2824723200 2824723455
2824723712 2824724479
2825129728 2825129983
2825144832 2825145087
2825151488 2825151743
2825153536 2825153791
2825175040 2825183231
2826035200 2826036223
2826036992 2826037247
2827087872 2827088895
2827632640 2827640831
2828370432 2828370943
2828394496 2828398591
2828470272 2828470527
2828471296 2828472319
2828472576 2828472831
2828474624 2828475135
2828481664 2828481727
2828481920 2828481983
2828533504 2828533759
2830492672 2830492927
2831478017 2831478271
2831478273 2831478527
2831478529 2831478783
2831616000 2831616255
2831643136 2831643391
2831665664 2831666431
2831666688 2831666943
2831667200 2831667455
2831667968 2831668223
2831669248 2831669759
2832048384 2832048639
2833017928 2833017935
2833017968 2833017971
2833168384 2833169407
2833183744 2833184767
2833320704 2833321215
2833842688 2833843199
2834010112 2834014207
2834022400 2834026495
2834030592 2834034687
2834661376 2834662399
2834668800 2834669055
2834679296 2834679807
2834681600 2834681855
2834689536 2834694143
2838307904 2838307919
2838311876 2838311876
2838495936 2838495951
2838498680 2838498680
2838503316 2838503316
2838865008 2838865015
2838865020 2838865023
2838866452 2838866452
2838870562 2838870562
2838871296 2838871311
2838904832 2838921215
2838991056 2838991071
2838995200 2838995455
2838999040 2838999295
2839002976 2839002991
2843750400 2843751423
2843767808 2843768319
2843772928 2843773951
2843782144 2843783167
2843793408 2843794431
2844862464 2844862719
2845180928 2845181951
2845232128 2845232383
2845235968 2845236223
2845244160 2845244415
2845411328 2845411583
2848293888 2848294143
2848294912 2848296959
2848300032 2848301055
2848302080 2848303103
2850078464 2850078719
2852125436 2852125439
2852724736 2852728831
2852839424 2852847615
2854684160 2854684415
2854685696 2854686719
2854688512 2854688767
2854690816 2854691839
2854694912 2854695247
2854695249 2854695423
2854701056 2854702079
2854707200 2854707711
2854708224 2854708479
2854709248 2854709759
2854711296 2854712319
2854719488 2854720511
2854732800 2854734335
2854737920 2854738943
2854741504 2854742015
2854743040 2854744063
2854744960 2854745087
2855550976 2855567359
2856200448 2856200703
2856210688 2856210943
2856218112 2856218623
2856231424 2856231679
2856233984 2856234495
2856254464 2856254719
2856255232 2856255487
2856890368 2856890671
2856890752 2856890879
2856891392 2856891695
2856891776 2856891903
2857082880 2857086975
2857140224 2857140735
2857156864 2857157119
2857158400 2857158655
2857169152 2857169407
2857734144 2857736703
2858008576 2858024959
2858721280 2858729471
2858733568 2858735615
2858772224 2858772735
2859616512 2859616767
2859617024 2859617279
2860649984 2860650239
2860655616 2860656127
2860661760 2860662271
2860701696 2860701951
2860900352 2860908543
2861162240 2861162495
2863120792 2863120895
2863121304 2863121407
2863595520 2863661055
2864427008 2864429055
2864431104 2864432127
2865168384 2865209343
2865218816 2865219071
2865228800 2865229311
2865230848 2865231359
2865481728 2865484799
2865485824 2865487359
2865565696 2865566719
2865573888 2865574911
2866930176 2866930431
2868453376 2868461567
2868465664 2868467711
2868641792 2868642047
2868731904 2868740095
2870371840 2870372351
2890236416 2890236671
2890243072 2890243327
2890256128 2890256383
2890257408 2890257663
2890257920 2890258687
2890281472 2890281727
2890281984 2890282239
2890289152 2890289407
2890333184 2890333439
2890364928 2890365183
2890989568 2890990591
2890996736 2890997759
2890998784 2890999039
2891034624 2891036671
2891064064 2891064319
2891065344 2891068415
2891073280 2891073535
2891082752 2891083775
2891120640 2891120895
2891132672 2891132927
2891134976 2891135999
2891138048 2891139071
2891142144 2891142655
2891147264 2891148287
2891153152 2891153407
2891161600 2891165695
2891173888 2891177983
2891186176 2891202559
2891227136 2891231231
2891272192 2891274239
2891283456 2891284479
2891357952 2891358207
2891364352 2891370495
2891378688 2891380735
2891403264 2891407359
2891777536 2891777791
2891780096 2891788287
2891790336 2891791359
2891796480 2891800575
2891807744 2891808767
2891818752 2891819007
2891830016 2891830271
2891843328 2891843583
2891851776 2891852031
2891853056 2891853567
2891857152 2891857407
2891974656 2891978751
2891982848 2891984895
2891995904 2891996159
2892015360 2892015615
2892017664 2892018687
2892019712 2892038143
2892040192 2892042239
2892050432 2892052479
2892053504 2892054527
2892068864 2892069887
2892070912 2892103679
2892111104 2892111359
2892116992 2892118015
2892120576 2892120831
2892121088 2892121343
2892124672 2892124927
2892127232 2892127487
2892140544 2892144639
2892174336 2892177407
2892203520 2892205055
2892207104 2892210175
2892211200 2892212223
2892218368 2892218623
2892218880 2892219135
2892219392 2892223487
2892228608 2892229119
2892232192 2892232703
2892233472 2892233727
2892369920 2892374015
2892398592 2892400639
2892424192 2892425215
2892443648 2892447743
2892464128 2892496895
2892562432 2892570623
2892587008 2892591103
2892907520 2892908287
2892908544 2892910591
2892923136 2892923391
2892926720 2892927487
2892931584 2892931839
2892935168 2892936191
2892941312 2892942335
2892964864 2892965887
2892968960 2892969215
2892971008 2892972031
2892990208 2892990463
2892992000 2892992255
2892997120 2892997375
2893015040 2893015295
2893016832 2893017087
2893559808 2893560063
2899873280 2899875327
2899883264 2899883775
2899913472 2899913599
2899913728 2899913855
2899913984 2899914111
2899927552 2899927807
2899968000 2900099071
2900384512 2900384767
2900404224 2900404479
2900408832 2900409087
2900410368 2900410623
2900422144 2900422399
2900437504 2900437727
2900437792 2900437957
2900437960 2900438271
2900462080 2900462303
2900462400 2900462565
2900492032 2900492127
2900492224 2900492287
2900496384 2900496639
2900507648 2900507691
2900533760 2900533887
2900534016 2900534103
2900534272 2900534335
2902200355 2902200355
2902205308 2902205308
2902205361 2902205361
2902205364 2902205364
2902205419 2902205419
2902205647 2902205647
2902205712 2902205712
2902205736 2902205736
2902205755 2902205755
2902205761 2902205761
2902205763 2902205763
2902205767 2902205767
2902205769 2902205769
2902205820 2902205820
2902260480 2902261247
2902285056 2902285119
2902322816 2902322943
2902405120 2902409215
2902461440 2902462463
2902500352 2902500607
2902507520 2902515711
2904555520 2904817663
2905376256 2905376767
2905390592 2905391103
2905392128 2905392639
2905406976 2905407487
2905456640 2905464831
2905473024 2905481215
2905510912 2905511935
2905512448 2905512703
2905512960 2905513471
2907867904 2907868159
2907868672 2907868927
2907953408 2907953663
2907957248 2907957503
2913992704 2914516991
2915250176 2915254271
2915262720 2915262975
2915263232 2915263487
2915264512 2915265279
2915265536 2915266559
2915918864 2915918879
2915918912 2915918975
2915919032 2915919055
2915919172 2915919175
2915919240 2915919247
2915919272 2915919279
2915919428 2915919431
2915919460 2915919463
2915919472 2915919479
2915919560 2915919567
2915919576 2915919591
2915919600 2915919615
2915920024 2915920027
2915920568 2915920575
2915920608 2915920623
2915920792 2915920795
2915920816 2915920823
2915920992 2915921023
2915921108 2915921119
2915921144 2915921147
2915921316 2915921319
2915921472 2915921479
2915921696 2915921703
2915958784 2916024319
2916163584 2916171775
2916184064 2916196351
2916214784 2916215295
2916253696 2916286463
2916302848 2916303359
2916368384 2916401151
2916435456 2916435967
2916441600 2916441855
2916515840 2916519935
2916533248 2916534271
2916537344 2916538367
2917037056 2917038079
2917099008 2917099519
2917171200 2917175295
2917195776 2917203967
2917247488 2917247999
2917572608 2917580799
2917621760 2917629951
2917638144 2917642239
2917676032 2917676543
2917680896 2917681151
2917689600 2917689855
2917704704 2917704959
2918014976 2918023167
2918043648 2918047743
2918051840 2918121471
2918126336 2918126847
2918127104 2918127359
2918127616 2918127871
2918136832 2918137087
2918154240 2918170623
2918187008 2918188031
2918189312 2918189567
2918190080 2918190335
2918232064 2918236159
2918260736 2918264831
2918277120 2918281215
2918346752 2918350847
2918363136 2918367231
2918395904 2918399999
2918416384 2918416639
2918416896 2918416950
2918416952 2918416982
2918416984 2918417407
2918417664 2918418687
2918432768 2918436863
2918442240 2918442495
2918469632 2918473727
2918477824 2918481919
2918580224 2918588415
2918596608 2918604799
2918612992 2918621183
2918653952 2918662143
2918678528 2918686719
2918699008 2918703103
2918833664 2918834175
2918842368 2918875135
2918973440 2918989823
2919174144 2919178239
2919186432 2919190527
2919208960 2919211007
2919213568 2919214079
2919235584 2919759871
2921522432 2921522687
2921523200 2921523455
2921527296 2921528319
2921533952 2921534207
2921562112 2921594879
2925002752 2925527039
2926575616 2927099903
2928177152 2928181247
2928197632 2928197887
2928203776 2928205823
2928209920 2928210943
2928212480 2928212991
2928226304 2928230399
2928260608 2928262143
2928263168 2928279551
2928308224 2928309247
2928312320 2928316415
2928328704 2928336895
2928455680 2928459775
2928541696 2928607231
2943247360 2943248383
2953468416 2953468671
2954330368 2954330623
2954333696 2954333951
2957244416 2957246463
2959177728 2959178239
2959354624 2959354879
2959384832 2959385087
2959453184 2959454207
2959506176 2959506431
2959601664 2959601919
2960108544 2960108799
2960205824 2960206335
2960214528 2960214783
2960431104 2960433151
2960532992 2960533247
2960571904 2960572159
2960659456 2960659711
2960818176 2960834559
2961104384 2961104639
2988481588 2988481588
2991794688 2991795199
2991814656 2991814911
2991816448 2991816703
2991845888 2991846399
2992377088 2992377343
2992377856 2992378879
2992381696 2992381951
2992384512 2992384767
2992387584 2992387839
2992388096 2992388351
2992393728 2992394239
2992395264 2992395519
2992395776 2992396031
2992396800 2992397055
2992398080 2992398335
2992398848 2992399103
2992401408 2992401663
2992403456 2992403711
2992406016 2992406271
2992406528 2992407039
2992408576 2992409087
2992428288 2992428543
2992435968 2992436223
2992436480 2992436735
2992442112 2992442367
2992459776 2992460031
2992461568 2992461823
2992462080 2992462335
2992464384 2992464639
2992466944 2992467199
2992470016 2992470271
2992474368 2992474623
2992475904 2992476159
2992481792 2992482047
2992486400 2992486911
2992490496 2992491007
2992493568 2992494079
2992494592 2992495103
2992496384 2992496639
2992497152 2992497407
2992500224 2992500479
2992501760 2992502015
2992502272 2992504319
2992505344 2992505599
2992507136 2992507391
2992508160 2992508415
2992509952 2992510207
2992517120 2992517375
2992536320 2992536575
2992541440 2992541695
2992547584 2992547839
2992553728 2992553983
2992590080 2992590335
2992591360 2992591615
2992630784 2992631039
2992634624 2992634879
2994790400 2994794495
2996645888 2996649983
2997561088 2997561343
2997565440 2997565695
2997575168 2997575423
2997577984 2997578239
2997742592 2997742847
3000057856 3000061951
3000253184 3000253439
3002706176 3002706431
3002717696 3002717951
3002933504 3002933759
3007136888 3007136895
3007169792 3007170047
3007172096 3007172351
3007174656 3007174911
3007331328 3007331839
3007345152 3007345663
3007447040 3007479807
3015835648 3015966719
3019880448 3019880703
3031801856 3031810047
3039414784 3039415039
3039419648 3039419903
3049783296 3049848831
3049979904 3050045439
3050702080 3050702335
3050712320 3050712575
3050718976 3050719231
3050721280 3050721535
3050733312 3050733567
3050737664 3050737919
3050739968 3050740223
3050744320 3050744575
3050745600 3050745855
3050750720 3050750975
3050753024 3050753279
3050753792 3050754047
3050764032 3050764287
3050765056 3050765311
3050829568 3050829823
3088623616 3088625663
3088662528 3088666623
3088678912 3088683007
3088757760 3088758783
3088760832 3088764927
3088853504 3088854015
3088888320 3088888831
3088936960 3088939007
3089011968 3089012479
3089012736 3089013759
3089045504 3089047551
3089072128 3089080319
3090389504 3090389759
3091073784 3091073791
3091160232 3091160239
3091170112 3091170119
3091202048 3091726335
3091955712 3091959807
3091976192 3091980287
3092520960 3092525055
3092559872 3092560895
3093170944 3093171199
3093171278 3093171278
3093172224 3093188607
3093192704 3093194751
3093195776 3093196543
3093197056 3093197311
3093197568 3093198591
3093198848 3093200895
3093213184 3093217279
3093282816 3093299199
3093907200 3093907455
3093927936 3093928447
3093935104 3093935359
3094020096 3094085631
3096444928 3096969215
3097493504 3097755647
3097821568 3097821631
3097823488 3097823743
3097824768 3097824831
3098095616 3098099711
3098181632 3098185727
3098202112 3098206207
3098263552 3098271743
3098438656 3098439679
3098476544 3098492927
3103970304 3103971327
3104103424 3104104447
3104493568 3104494591
3104813056 3104814079
3105254400 3105255423
3105360128 3105360383
3106386944 3106387967
3106485248 3106486271
3106929664 3106930687
3108715520 3108716543
3109037056 3109038079
3109699328 3109699583
3109820928 3109821183
3109981952 3109982207
3110007072 3110007103
3110086144 3110086399
3110251264 3110251519
3110407232 3110407423
3110407488 3110407551
3110407616 3110407679
3110430720 3110430975
3110455552 3110456063
3110601216 3110601471
3111083008 3111084031
3111087616 3111087871
3111107584 3111107839
3111159047 3111159047
3111692032 3111692287
3111721463 3111721463
3111871488 3111871999
3112102912 3112103935
3112316448 3112316463
3112915968 3112916991
3113080832 3113081087
3113081344 3113081599
3113342976 3113343999
3113361408 3113362431
3113609216 3113610239
3113717760 3113718015
3113795584 3113796607
3113855401 3113855401
3113857792 3113858047
3113962240 3113962495
3114001408 3114001663
3114020608 3114020863
3114055680 3114056703
3114255360 3114256383
3114384640 3114384895
3114424448 3114424448
3114637568 3114637571
3114941440 3114942463
3115307520 3115308031
3115352064 3115353087
3115585536 3115586559
3115994112 3115995135
3116335104 3116336127
3116360704 3116361727
3116449792 3116450047
3116630272 3116630527
3116645632 3116645887
3116852480 3116852735
3116883968 3116884991
3116888064 3116889087
3117067264 3117068287
3117103104 3117104127
3117201664 3117201919
3117265920 3117266943
3117268480 3117268735
3117276160 3117277183
3117291776 3117292031
3117328896 3117329151
3117615616 3117615871
3117692928 3117693951
3117749248 3117750271
3117761536 3117762559
3117764608 3117764863
3117908224 3117908479
3117908736 3117908991
3117913088 3117914111
3117943840 3117943871
3117945856 3117946623
3117972480 3117973503
3118076160 3118076415
3118131200 3118132223
3118314496 3118315519
3118361088 3118361343
3118381056 3118382079
3118578688 3118578943
3118673920 3118674943
3118854144 3118855167
3118917376 3118917631
3119188992 3119190015
3119465472 3119466495
3119510016 3119510271
3120102144 3120102399
3120271360 3120272383
3120366592 3120366847
3133067776 3133068031
3136758528 3136759039
3138248192 3138248703
3138252800 3138254079
3138358016 3138359551
3138361088 3138362367
3159012352 3159012607
3159019520 3159019775
3160365824 3160366079
3161719808 3161720319
3165443072 3165443583
3165445376 3165445631
3167804416 3167804671
3167805184 3167805439
3167845376 3167845887
3168200704 3168201727
3168603904 3168604159
3168659456 3168660479
3169043456 3169043967
3169863936 3169864191
3169955840 3169956095
3171740416 3171740671
3172557568 3172557823
3172559104 3172559359
3177709568 3177710079
3177712128 3177712639
3177735168 3177735679
3194381312 3194382335
3194382848 3194383103
3194384128 3194384383
3197601792 3197602047
3199822848 3199823359
3210748928 3210749183
3210794752 3210795007
3210799872 3210800895
3221258240 3221291007
3221577728 3221577983
3221590016 3221590271
3221605376 3221605887
3221750581 3221750582
3222011904 3222012159
3222022400 3222022655
3222027776 3222028031
3222036992 3222037247
3222044928 3222045183
3222056448 3222059007
3222066944 3222067199
3222326528 3222339583
3222441984 3222446079
3222806528 3222814719
3222934528 3222934783
3222983168 3222983935
3222989568 3222989823
3223126016 3223130111
3223142400 3223150591
3223204864 3223205119
3223214080 3223214591
3223216384 3223217151
3223227904 3223228159
3223229696 3223229951
3223243264 3223243519
3223249408 3223249663
3223250944 3223252991
3223258624 3223258879
3223270400 3223271423
3223302400 3223302655
3223303168 3223303423
3223315456 3223315711
3223321344 3223321599
3223416832 3223417087
3223430912 3223431167
3223460352 3223460863
3223467008 3223468031
3223471616 3223471871
3223477248 3223478271
3223492608 3223493631
3223504640 3223504895
3223508992 3223513087
3223545856 3223546111
3223556096 3223556351
3223854592 3223857663
3223867648 3223867903
3223871488 3223873535
3223881728 3223882751
3223883264 3223883519
3223902464 3223902719
3223906304 3223909375
3223911936 3223912191
3223950336 3223950591
3223963648 3223964159
3223979264 3223979775
3223990272 3223990527
3223991808 3223992063
3223995392 3223995647
3223996416 3223996927
3224001024 3224001279
3224029696 3224030463
3224030720 3224030975
3224040960 3224041215
3224092160 3224092415
3224099584 3224099839
3224272896 3224276991
3224296960 3224297471
3224370432 3224370687
3224370944 3224371199
3224407296 3224407551
3224427520 3224427775
3224431104 3224431359
3224694528 3224694783
3224729600 3224730623
3224795392 3224795647
3224826368 3224826623
3224863232 3224863487
3224879616 3224879871
3224882688 3224882943
3224887296 3224887551
3224895744 3224895999
3224897792 3224898047
3224905216 3224905471
3224908288 3224908543
3224957952 3224958207
3225081088 3225081343
3225089280 3225089535
3225421824 3225422847
3225427456 3225427967
3225428992 3225431039
3225434112 3225436159
3225452544 3225456639
3225459712 3225459967
3225460480 3225460735
3225460992 3225462271
3225468928 3225469951
3225485568 3225485823
3225490432 3225491455
3225544704 3225546751
3225618688 3225618943
3225624576 3225625599
3225627904 3225628159
3225629952 3225630207
3225651968 3225652223
3225680384 3225680639
3225681664 3225681919
3225695488 3225701119
3225711616 3225712127
3225715456 3225715711
3225716992 3225717247
3225723648 3225723903
3225729024 3225729279
3225730048 3225730303
3225740544 3225740799
3225747712 3225747967
3225764864 3225765887
3225769472 3225772031
3225773312 3225773567
3225776640 3225777151
3225781248 3225782271
3225807872 3225808895
3225857024 3225857279
3225858048 3225858303
3225869312 3225869567
3225870336 3225870591
3225936640 3225936895
3226009600 3226009855
3226010880 3226011135
3226140928 3226141695
3226141952 3226143487
3226143744 3226145535
3226145792 3226155263
3226155776 3226156543
3226156800 3226157567
3226157824 3226167551
3226168064 3226175231
3226176000 3226177535
3226178560 3226188543
3226189056 3226189823
3226191872 3226194175
3226194432 3226194687
3226194944 3226195199
3226199552 3226201087
3226201344 3226201855
3226202112 3226205951
3226283520 3226291199
3226349568 3226353663
3226400768 3226402815
3226470912 3226471167
3226482176 3226482431
3226509312 3226513407
3226536960 3226542079
3226547200 3226548735
3226550784 3226551039
3226551808 3226552319
3226555392 3226555903
3226575360 3226576383
3226576896 3226577407
3226577920 3226578943
3226584064 3226585087
3226591232 3226592255
3226626048 3226626303
3226629376 3226629631
3226632192 3226633215
3226637824 3226638079
3226690816 3226691071
3226695936 3226696191
3226697728 3226701823
3226728192 3226728447
3226790912 3226791167
3226828544 3226829055
3226861824 3226862079
3226883328 3226883583
3227243008 3227243263
3227280128 3227280383
3227317248 3227318271
3227396096 3227396351
3227398400 3227398655
3227399680 3227399935
3227438080 3227438591
3227450112 3227450367
3227451392 3227467775
3227468288 3227468799
3227484160 3227517183
3227536896 3227537151
3227554048 3227554303
3227713536 3227779071
3227801344 3227801599
3227804928 3227805183
3227869952 3227870207
3227883008 3227883519
3227912960 3227913215
3227975168 3227975679
3228005632 3228006399
3228040704 3228041215
3228050944 3228051199
3228271360 3228271615
3228271872 3228272127
3228274688 3228274943
3228330240 3228330495
3228371712 3228371967
3228399616 3228399871
3228478464 3228479487
3228521517 3228521517
3228523008 3228523519
3228523776 3228524031
3228532736 3228532991
3228565248 3228565503
3228572928 3228573183
3228714765 3228714765
3229026304 3229028351
3229065216 3229067263
3229089792 3229090047
3229169920 3229170175
3229170432 3229170687
3229218048 3229218303
3229273600 3229273855
3229359616 3229359871
3229415734 3229415734
3229821952 3229822207
3229834752 3229835007
3229835520 3229835775
3229838592 3229838847
3229845504 3229846527
3229870592 3229870847
3229874432 3229874687
3229876224 3229876479
3229881088 3229881343
3229891584 3229891839
3229937920 3229938175
3229953280 3229953535
3229954304 3229954559
3229962080 3229962111
3229967616 3229967871
3230007040 3230007295
3230083072 3230084095
3230085120 3230085375
3230092544 3230092799
3230094080 3230094335
3230104320 3230104575
3230131712 3230131967
3230145280 3230145535
3230151936 3230152191
3230167552 3230168063
3230317056 3230317311
3230318336 3230318591
3230335232 3230335743
3230336000 3230336255
3230336512 3230339583
3230339840 3230340095
3230340352 3230344703
3230345728 3230347263
3230348032 3230348543
3230349568 3230349823
3230351104 3230354943
3230355200 3230365183
3230365440 3230367487
3230368000 3230368511
3230370304 3230370559
3230370816 3230372607
3230372864 3230374655
3230374912 3230375679
3230375936 3230382079
3230382336 3230383359
3230383616 3230384127
3230384640 3230387455
3230387712 3230390015
3230390784 3230400255
3230671360 3230671615
3230833664 3230833919
3230837504 3230837759
3230852608 3230853119
3230902784 3230903039
3230913792 3230914047
3230953216 3230954495
3230996224 3230996479
3231001344 3231001599
3231003904 3231004159
3231010816 3231011071
3231016960 3231017215
3231021824 3231022079
3231057152 3231057407
3231078912 3231079423
3231103232 3231103487
3231149312 3231149567
3231155200 3231156223
3231166976 3231167231
3231207168 3231207423
3231210240 3231210495
3231211776 3231212031
3231227392 3231227647
3231236864 3231237119
3231250432 3231250687
3231300096 3231300351
3231308032 3231308287
3231308800 3231309055
3231325184 3231326207
3231352832 3231358975
3231383552 3231383807
3231401216 3231401471
3231492352 3231492607
3231526912 3231531007
3231539200 3231547391
3231556608 3231556863
3231558912 3231559167
3231583232 3231584255
3231604736 3231606783
3231634944 3231635455
3231674112 3231674367
3231690752 3231692799
3231703040 3231711231
3231737344 3231737599
3231753984 3231754239
3231776512 3231776767
3231801344 3231809535
3232302080 3232302335
3232438272 3232452607
3232461312 3232461823
3232561664 3232561919
3232562688 3232562943
3232570368 3232571391
3232581632 3232581887
3232582656 3232582911
3232583168 3232583423
3232600064 3232602111
3232629760 3232630783
3232694784 3232695039
3232695808 3232696319
3232716800 3232727039
3232868352 3232868607
3232872938 3232872938
3232907264 3232907519
3232914560 3232914623
3233288192 3233292287
3233431552 3233464319
3233487872 3233488895
3233516032 3233516287
3233546752 3233547007
3233568768 3233569023
3233589248 3233589759
3233611776 3233612031
3233617408 3233617663
3233620992 3233622015
3233628928 3233629439
3233631744 3233631999
3233634560 3233635071
3233664000 3233664255
3233677312 3233677567
3233682176 3233682431
3233683712 3233683967
3233696512 3233696767
3234005760 3234006015
3234056960 3234057215
3234070272 3234070527
3234127616 3234127871
3234136064 3234150911
3234151424 3234158847
3234159104 3234159615
3234160128 3234164991
3234165248 3234167295
3234167808 3234172927
3234173952 3234175999
3234177280 3234184447
3234184704 3234187007
3234187776 3234189055
3234189312 3234192383
3234193664 3234194175
3234194432 3234194687
3234194944 3234198783
3234199040 3234199295
3234199552 3234201343
3234226176 3234234367
3234267136 3234267391
3234270208 3234271231
3234279424 3234283519
3234316288 3234320383
3234332672 3234332927
3234336768 3234338815
3234556416 3234556927
3234579712 3234579967
3234581248 3234581503
3234726400 3234726655
3234726912 3234727935
3234733056 3234733311
3234739712 3234740223
3234749696 3234750207
3234762752 3234764799
3234772224 3234772479
3234781440 3234781951
3234806784 3234807295
3234810880 3234811135
3234857216 3234861055
3234988288 3234990847
3235004416 3235020799
3235065344 3235065855
3235085312 3235086335
3235275776 3235276799
3235282944 3235291135
3235307520 3235315711
3235577856 3235585279
3235585536 3235633151
3235638272 3235641855
3235642112 3235643135
3235774720 3235776767
3235800576 3235801087
3235807232 3235839999
3235971072 3235971327
3235995648 3235995903
3236044800 3236052991
3236069376 3236102143
3236168704 3236175871
3236239360 3236241407
3236316928 3236317183
3236365568 3236365823
3236370432 3236370687
3236381184 3236381439
3236403968 3236404223
3236408320 3236409087
3236412416 3236412671
3236427520 3236427775
3236560896 3236561151
3236585984 3236586239
3236604672 3236604927
3236611072 3236612095
3236613120 3236613375
3236617984 3236619775
3236659200 3236691967
3236695040 3236696063
3236732160 3236732415
3236734208 3236734463
3236757504 3236765695
3236825856 3236827135
3237036032 3237052415
3237170176 3237171199
3237179392 3237183487
3237205504 3237206015
3237287936 3237288191
3237294848 3237295103
3237322752 3237323263
3237325824 3237326079
3237328640 3237328895
3237340160 3237340415
3237412864 3237413119
3237415936 3237416959
3237527552 3237535743
3237568512 3237572607
3237576704 3237609471
3237609987 3237609987
3237613568 3237614591
3237615616 3237616895
3237670144 3237670655
3237675008 3237675263
3237681664 3237682943
3237688320 3237689343
3237698304 3237698559
3237716992 3237717247
3237717504 3237717759
3237725184 3237725439
3237725696 3237726207
3237734144 3237734399
3237773312 3237777407
3237781504 3237785599
3237797888 3237801983
3237858304 3237859327
3237860352 3237861375
3239139328 3239139583
3239898880 3239899135
3240037376 3240037631
3240102144 3240102399
3240219648 3240220159
3240417024 3240417279
3240463104 3240463359
3240605696 3240606719
3241095168 3241096191
3241476608 3241476863
3241477376 3241477631
3241477888 3241478143
3241479168 3241479423
3241683968 3241684223
3244930560 3244930815
3245012992 3245014015
3245095424 3245095679
3245110272 3245111295
3245771776 3245772543
3245785344 3245785599
3247774464 3247775743
3247810816 3247811071
3247811840 3247812095
3248586752 3248587775
3249562880 3249563135
3249590784 3249591039
3249929472 3249929983
3249960960 3249961215
3250193602 3250193602
3250193623 3250193623
3250193652 3250193653
3250323968 3250324479
3250327040 3250327551
3252580096 3252580351
3252911360 3252911615
3252977920 3252978175
3253909504 3253909759
3254166528 3254167039
3255199744 3255200767
3256484352 3256484863
3256488960 3256489471
3256944896 3256945151
3257582592 3257583359
3257585152 3257585663
3258082086 3258082086
3258304512 3258305535
3258442752 3258443775
3258817536 3258818047
3258838016 3258839039
3259760896 3259761151
3261495296 3261495807
3261622272 3261623295
3262970880 3262971135
3262971648 3262971903
3263087104 3263087359
3265061632 3265061887
3271739968 3271739983
3271740096 3271740111
3271740224 3271740239
3271740352 3271740367
3272647680 3272647935
3273397504 3273397631
3274206720 3274207231
3275689984 3275690751
3275776768 3275777023
3277191424 3277191679
3277193472 3277193727
3277225472 3277225727
3277226752 3277227007
3277685824 3277685839
3277685952 3277685967
3277686080 3277686095
3277686208 3277686223
3280130048 3280130303
3280131840 3280132095
3280577536 3280577791
3280578560 3280578815
3282858496 3282859519
3282879488 3282879999
3283675136 3283675647
3283676416 3283676671
3283680768 3283681023
3283961856 3283962879
3285345792 3285346303
3285909504 3285975039
3286137856 3286138111
3286917632 3286917887
3287471616 3287471871
3290107136 3290107391
3290107648 3290107903
3290112000 3290112255
3290487552 3290488063
3291485952 3291486463
3291495936 3291496191
3292010240 3292010751
3292020224 3292020479
3292075776 3292076287
3292085760 3292086015
3292128768 3292131583
3292141312 3292141823
3292151296 3292151551
3292194304 3292197119
3301236736 3301237503
3301250816 3301251327
3301260800 3301261055
3301316352 3301316863
3301326336 3301326591
3301369344 3301372159
3301381888 3301382399
3301391872 3301392127
3304066560 3304067071
3304083200 3304083455
3304099328 3304100095
3304115712 3304116479
3304206080 3304206335
3304223232 3304223487
3304239616 3304239871
3304256000 3304256511
3304336896 3304337663
3304354304 3304354559
3304370688 3304370943
3304387072 3304387327
3304405248 3304408063
3304535552 3304538111
3321968640 3321970687
3322003456 3322019839
3322036224 3322052607
3322434048 3322436863
3322437120 3322437631
3322804736 3322805247
3322822656 3322823423
3322823680 3322824191
3322832896 3322833407
3322943744 3322943999
3322970112 3323002879
3323013888 3323014143
3323017728 3323017983
3323027456 3323027711
3323038720 3323038975
3323207680 3323215871
3323240448 3323248639
3323339776 3323340031
3323356672 3323356927
3323378688 3323378943
3323388160 3323388415
3323391232 3323391487
3323661312 3323662335
3323674624 3323691007
3323757056 3323758591
3323805696 3323805951
3323854336 3323854591
3324051456 3324053503
3324054016 3324054527
3324055040 3324055551
3324056064 3324057599
3324058112 3324061183
3324061696 3324062207
3324062720 3324063743
3324064256 3324065279
3324066304 3324066815
3324067328 3324067839
3324068352 3324069375
3324069888 3324071935
3324076032 3324077055
3324078080 3324079103
3324080128 3324083199
3324084224 3324085247
3324091392 3324096511
3324098560 3324099583
3324100608 3324105727
3324113920 3324114943
3324143616 3324145663
3324148736 3324162047
3324164096 3324165119
3324166144 3324168191
3324169216 3324171263
3324174336 3324174847
3324176384 3324179455
3324179968 3324182527
3324193280 3324194815
3324277760 3324278783
3324354560 3324362751
3324379136 3324380159
3324380928 3324381183
3324382464 3324382719
3324582912 3324583935
3324806144 3324806399
3324808192 3324808447
3324808704 3324808959
3324812544 3324812799
3324822016 3324822527
3324900456 3324900463
3324901920 3324901935
3324980224 3324981247
3325067264 3325100287
3325103616 3325104127
3325122560 3325123071
3325144832 3325145087
3325190144 3325231103
3325231616 3325231871
3325250304 3325250559
3325257728 3325258751
3325259776 3325261311
3325265920 3325266943
3325269760 3325270015
3325290240 3325290495
3325296384 3325296639
3325308928 3325313023
3325329408 3325345791
3325359616 3325359871
3325360127 3325360127
3325362176 3325427711
3325461504 3325461759
3325481984 3325483007
3325500416 3325500671
3325505536 3325509631
3325551616 3325552639
3325630976 3325631487
3325640704 3325644799
3325691648 3325691903
3325722624 3325755391
3325956096 3325960191
3325976064 3325976319
3325980672 3325980927
3325992448 3325992959
3325993984 3325994239
3325996800 3325997055
3326610688 3326610943
3326613504 3326615551
3326619648 3326623743
3326631936 3326640127
3326680832 3326681087
3326681344 3326682623
3326682880 3326686975
3326687232 3326687743
3326688000 3326690303
3326693376 3326697215
3326699520 3326699775
3326700800 3326713343
3326714112 3326716927
3326718208 3326719743
3326720256 3326721535
3326721792 3326722047
3326726656 3326728703
3326728960 3326729215
3326729472 3326729727
3326734336 3326734591
3326737152 3326737663
3326737920 3326738175
3326746880 3326747007
3326747040 3326747071
3326747104 3326747135
3327397376 3327397887
3327426560 3327459327
3327723520 3327725311
3327769600 3327770111
3327788544 3327789055
3327806464 3327811583
3327885312 3327918079
3328180224 3328181247
3328181760 3328185855
3328186112 3328187647
3328187904 3328196351
3328196608 3328202751
3328204800 3328224255
3328224512 3328228607
3328228864 3328235007
3328235520 3328236543
3328237312 3328241663
3328243200 3328245759
3328299776 3328301055
3328306432 3328306687
3328335872 3328344063
3328358400 3328360447
3328384000 3328385023
3328396032 3328396287
3328420352 3328420607
3328432640 3328433663
3328479232 3328483327
3328514816 3328515071
3328601344 3328601599
3328617984 3328618239
3328630016 3328630271
3328632832 3328634879
3328638976 3328704511
3328937216 3328937471
3330609920 3330610175
3330621440 3330623743
3330624256 3330624511
3330636032 3330636287
3330646528 3330647295
3330649600 3330649855
3330664192 3330664447
3330677760 3330678783
3330701312 3330701567
3330726656 3330726911
3330754560 3330754815
3330765824 3330766335
3330768384 3330768639
3330775040 3330775295
3330778624 3330778879
3330779392 3330779647
3330782464 3330782719
3330785280 3330785791
3330791424 3330791679
3330796544 3330796799
3330812928 3330813951
3330866944 3330867199
3330901760 3330902015
3330904576 3330904831
3331098112 3331098367
3331102464 3331102719
3331110400 3331110655
3331275776 3331276031
3331331072 3331332095
3331362816 3331366911
3331418112 3331418367
3331418880 3331419647
3331423744 3331424255
3331528704 3331530751
3331565568 3331566079
3331632640 3331632895
3331935232 3331936255
3331971072 3331971583
3331983104 3331983359
3331988480 3331989503
3332001792 3332005887
3332028416 3332030463
3332413440 3332413695
3332423424 3332423679
3332440320 3332445183
3332445440 3332460543
3332460800 3332461311
3332461568 3332462335
3332462592 3332473855
3332477952 3332482303
3332484096 3332491263
3332492032 3332497407
3332498432 3332500735
3332500992 3332501247
3332501760 3332502527
3332503552 3332505087
3332505856 3332508671
3332508928 3332524031
3332527104 3332528127
3332529664 3332554751
3332558848 3332562943
3332563456 3332564479
3332564736 3332566783
3332567040 3332570879
3332571392 3332579327
3332581376 3332590079
3332590592 3332594687
3332594944 3332595455
3332595712 3332610303
3332611072 3332611327
3332611584 3332616191
3332616960 3332617727
3332624384 3332625919
3332626176 3332626431
3332626944 3332630015
3332630272 3332636415
3332636672 3332833279
3332833536 3332841471
3332841728 3332866303
3332874240 3332875007
3332875264 3332876287
3332897280 3332898559
3332899328 3332906495
3332909056 3332909823
3332910080 3332925695
3332929024 3332930047
3332931328 3332947967
3332948224 3332964351
3332965120 3332966143
3332966656 3332979967
3332980736 3332988927
3332989952 3332997119
3332997376 3332998911
3332999168 3333008383
3333008896 3333012479
3333012992 3333014015
3333014528 3333017599
3333018112 3333023231
3333025280 3333029631
3333362688 3333363711
3333482496 3333482751
3333583872 3333584895
3333621504 3333621759
3333624320 3333624575
3333675776 3333676031
3333677568 3333678079
3333750528 3333750783
3333758976 3333763071
3333765120 3333766143
3333766400 3333766401
3333766403 3333766404
3333766408 3333766408
3333766410 3333766412
3333766414 3333766414
3333766417 3333766417
3333766420 3333766420
3333766422 3333766422
3333766424 3333766428
3333766431 3333766440
3333766442 3333766444
3333766447 3333766655
3333801728 3333801983
3333862400 3333862911
3333871104 3333871615
3333881344 3333881855
3333939456 3333939711
3334020096 3334021119
3334068480 3334068735
3334932224 3334932479
3334967552 3334967807
3335003136 3335004159
3335012352 3335028735
3335043328 3335043583
3335131136 3335131391
3335160320 3335160575
3335177216 3335177471
3335230976 3335231231
3335252736 3335252991
3335429632 3335430143
3335451904 3335452159
3335456768 3335457791
3335784192 3335784447
3335794944 3335795199
3336139776 3336140799
3336852992 3336854015
3336855815 3336855815
3336912896 3336913151
3336913408 3336913663
3336913920 3336914687
3336914944 3336915455
3336915712 3336915967
3336916224 3336917247
3336918016 3336919807
3336920064 3336920319
3336920576 3336920831
3336921600 3336922367
3336986624 3336994815
3337147904 3337148415
3337198704 3337198707
3337289984 3337293823
3337296128 3337296639
3337296896 3337297407
3337297664 3337297919
3337302016 3337303551
3337304064 3337322495
3337322752 3337323007
3337324544 3337324799
3337327104 3337335039
3337335808 3337341439
3337342464 3337342975
3337343488 3337355007
3337893376 3337893631
3337957376 3337965567
3337973760 3337977855
3337990144 3337990655
3338017792 3338018815
3338021888 3338022911
3338350592 3338354687
3338424320 3338432511
3338436608 3338437631
3338446080 3338446335
3338567680 3338600447
3338600984 3338600991
3338622464 3338622975
3338631680 3338631935
3338964992 3338965247
3338976768 3338977023
3338993408 3338993663
3339159552 3339160575
3339161600 3339162623
3339164672 3339165695
3339180032 3339181055
3339184128 3339186175
3339260928 3339261951
3339270400 3339270655
3339328512 3339329535
3339342848 3339343103
3339743232 3339744255
3339747328 3339748351
3339753472 3339754495
3339760640 3339761663
3339777024 3339778047
3339926528 3339927551
3339931136 3339931647
3339934720 3339935743
3339937792 3339939839
3339952128 3339954175
3339955200 3339956223
3339965440 3339968511
3339975936 3339976191
3339991808 3339992063
3340080128 3340081151
3340088320 3340089343
3340097536 3340098559
3340107776 3340369919
3340387328 3340388351
3340390400 3340391423
3340418560 3340419071
3340444672 3340444927
3340468560 3340468575
3340468736 3340468785
3340468788 3340469015
3340469024 3340469102
3340469106 3340469107
3340469112 3340469167
3340469184 3340469215
3340469232 3340469247
3340481536 3340482559
3340484096 3340484351
3340490752 3340492799
3340654592 3340655615
3340677120 3340679167
3340846336 3340846591
3340851456 3340851711
3340852736 3340853247
3340857344 3340858367
3340896256 3340896511
3340897280 3340897791
3340911360 3340915455
3340919296 3340921343
3340922368 3340922623
3341057024 3341058047
3341082368 3341082623
3341180928 3341182975
3341216768 3341217791
3341484288 3341485055
3341511680 3341513215
3341513728 3341517823
3341518848 3341531135
3341533952 3341534207
3341546240 3341547007
3341547520 3341547775
3341651968 3341654015
3341657088 3341657599
3341657856 3341658111
3341709312 3341710335
3341758464 3341759487
3341760512 3341762559
3341777920 3341778943
3341783040 3341784063
3341828096 3341829119
3341837312 3341838335
3341854720 3341854975
3341867008 3341869055
3341870080 3341870591
3341899008 3341899263
3342470400 3342470655
3342487552 3342488575
3342489600 3342491647
3342496768 3342497791
3342510080 3342512127
3342516224 3342517247
3342526464 3342528511
3342530560 3342531583
3342532352 3342532607
3342552064 3342553087
3342565376 3342567423
3342579712 3342581759
3342595072 3342596095
3342598144 3342603263
3342604288 3342605311
3342605568 3342610431
3342610688 3342623743
3342624768 3342627839
3342628096 3342629631
3342629888 3342652415
3342652672 3342653183
3342653440 3342655743
3342656000 3342657535
3342657792 3342663423
3342939648 3342939903
3343013888 3343015935
3343047424 3343047679
3343048192 3343048703
3343055872 3343056895
3343153152 3343155199
3343167488 3343169535
3343177728 3343178751
3343319296 3343321599
3343322112 3343336447
3343336704 3343342847
3343343104 3343345663
3343346688 3343348479
3343348736 3343354623
3343354880 3343355391
3343355904 3343357183
3343357696 3343359743
3343360256 3343364095
3343365632 3343366143
3343367168 3343372543
3343380480 3343384319
3343460864 3343461375
3343653536 3343653551
3343653632 3343653695
3343763904 3343763935
3344126976 3344127999
3344140288 3344141311
3344144384 3344148479
3344156672 3344158719
3344166912 3344167935
3344171264 3344195583
3344203776 3344225279
3344226304 3344236287
3344237056 3344238335
3344239616 3344241663
3344242688 3344243199
3344243712 3344252671
3344252928 3344255999
3344261888 3344262143
3344262400 3344262655
3344263936 3344266239
3344266752 3344267263
3344268288 3344268543
3344269312 3344287743
3344288000 3344288255
3344290816 3344291839
3344292864 3344296447
3344299776 3344300543
3344300800 3344301823
3344379904 3344380927
3344406528 3344408575
3344422912 3344423935
3344429056 3344431103
3344534272 3344534527
3344534784 3344535551
3344539904 3344540159
3344650240 3344652287
3344658432 3344660479
3344677888 3344678911
3344681984 3344685055
3344691200 3344693247
3344694272 3344695295
3344964608 3344965631
3344979968 3344982015
3345007616 3345008639
3345010688 3345011711
3345299456 3345302527
3345303552 3345304575
3345321728 3345321983
3345327104 3345329151
3345339392 3345340415
3345375232 3345377279
3345383424 3345384447
3345390592 3345391615
3345401856 3345403903
3345412096 3345413119
3345430528 3345431039
3345431296 3345432575
3345437952 3345438207
3346196480 3346197503
3346198528 3346200575
3346201600 3346202623
3346210242 3346210242
3346219008 3346221055
3346225152 3346227199
3346234368 3346235391
3346247680 3346248703
3346260992 3346262015
3346323456 3346325503
3346327552 3346328575
3346329600 3346330623
3346483200 3346484223
3346500352 3346500607
3346520064 3346521087
3346524160 3346525183
3346529280 3346530303
3346591488 3346591743
3346662144 3346662399
3346663168 3346663423
3346691072 3346692095
3346792448 3346796543
3346923520 3346989055
3347000320 3347001343
3347016704 3347017727
3347021824 3347022079
3347033088 3347034111
3349446912 3349447167
3349462784 3349463295
3349479168 3349479423
3349514240 3349514495
3349533696 3349533951
3349545216 3349545727
3349545984 3349549567
3349550080 3349551103
3349553408 3349553663
3349554688 3349595647
3349596160 3349597951
3349598208 3349598463
3349598720 3349600255
3349601024 3349605375
3349605632 3349606399
3349607936 3349608447
3349609472 3349610239
3349614592 3349617663
3349637120 3349639167
3349640192 3349641215
3349643264 3349644287
3349645312 3349647359
3349649408 3349653503
3349710848 3349712895
3349731328 3349733375
3349739520 3349740543
3350134784 3350136063
3350136832 3350145279
3350145792 3350146047
3350150144 3350159871
3350160384 3350160639
3350160896 3350161919
3350162432 3350162943
3350166528 3350175743
3350176256 3350177791
3350178304 3350180863
3350183168 3350191103
3350192128 3350193919
3350194432 3350196223
3350196736 3350200063
3350469632 3350470655
3350475776 3350476799
3350487040 3350488063
3350491136 3350493183
3350505472 3350507519
3350548736 3350548991
3350574848 3350575103
3350606848 3350607871
3350623232 3350624255
3350626304 3350626815
3350638592 3350640639
3350645760 3350646015
3350648832 3350650879
3350790400 3350793471
3350793728 3350797567
3350797824 3350814975
3350815232 3350815743
3350816768 3350817023
3350818304 3350819839
3350820352 3350823423
3350823936 3350824447
3350824960 3350833151
3350833408 3350834687
3350835200 3350836223
3350836992 3350837247
3350837760 3350843391
3350843648 3350854655
3350855168 3350855679
3350970368 3350971391
3350978560 3350980607
3350994944 3350998015
3351002112 3351003135
3351004160 3351005183
3351015424 3351016447
3351030784 3351031807
3351034880 3351035903
3351043072 3351044095
3351052288 3351053823
3351058944 3351059455
3351071744 3351072767
3351074816 3351076863
3351086080 3351087103
3351094272 3351095295
3351096320 3351097343
3351103488 3351104511
3351112704 3351113727
3351275520 3351276543
3351296000 3351298047
3351303168 3351304191
3351308288 3351310335
3351326720 3351328767
3351329280 3351329535
3351336960 3351339007
3351346176 3351347199
3351357440 3351359487
3351372800 3351373183
3351373312 3351373567
3351373569 3351373570
3351373574 3351373574
3351373630 3351373630
3351474688 3351475199
3351483392 3351484415
3351486464 3351488511
3351497728 3351498751
3351503872 3351505919
3351578112 3351578367
3351674880 3351695871
3351696384 3351696639
3351697408 3351698431
3351699200 3351699455
3351702016 3351702271
3351703040 3351703295
3351706368 3351706474
3351706476 3351706623
3351869696 3351870463
3351870976 3351871231
3351895552 3351895807
3351896576 3351897599
3351912448 3351933439
3351939072 3351943423
3351943936 3351954943
3351955200 3351961599
3351962624 3351963647
3352046592 3352049663
3352051712 3352055807
3352068096 3352069119
3352082432 3352083455
3352088576 3352089087
3352089600 3352090367
3352559872 3352563199
3352563456 3352573951
3352574464 3352575743
3352576000 3352581631
3352582144 3352582655
3352583680 3352583935
3352584192 3352591359
3352591616 3352594431
3352594944 3352596479
3352596736 3352600575
3352608768 3352615423
3352616960 3352619519
3352620032 3352623103
3352623616 3352887295
3352918016 3352919039
3353685504 3353685759
3353730048 3353731071
3353737472 3353737727
3353829376 3353830399
3353856000 3353858047
3353861120 3353862143
3353939712 3353939967
3353942528 3353943039
3353960192 3353960447
3353979648 3353979903
3353982720 3353983231
3353989632 3353989887
3354066944 3354132479
3354469376 3354474495
3354492928 3354494975
3354501120 3354503167
3354581760 3354582015
3354591232 3354656767
3354676224 3354677247
3354682880 3354683391
3354687488 3354688511
3354707456 3354707967
3354760192 3354760447
3354767360 3354767615
3354770688 3354770943
3354788096 3354789887
3354790400 3354796799
3354797056 3354798079
3354798336 3354800127
3354800640 3354802687
3354803200 3354807551
3354813440 3354814975
3354815488 3354816767
3354817536 3354818559
3354821632 3354822911
3354823168 3354823423
3354826240 3354831359
3354833920 3354842367
3354842624 3354843135
3354843648 3354844671
3354845952 3354853119
3354865664 3354866175
3354866432 3354867711
3354874880 3354875391
3354886144 3354890239
3354893312 3354894335
3354902528 3354905599
3354906112 3354918911
3354972160 3354972415
3354977792 3354978047
3355012608 3355013119
3355029248 3355030271
3355039744 3355040255
3355043328 3355043583
3355052032 3355053567
3355065344 3355066367
3355249152 3355249663
3355310592 3355311103
3355351040 3355351295
3355372288 3355372543
3355384832 3355385855
3355432960 3355435007
3355549696 3355549951
3356108288 3356108543
3356141056 3356141087
3356141096 3356141103
3356141112 3356141119
3356141136 3356141175
3356141200 3356141251
3356141256 3356141271
3356141276 3356141277
3356141279 3356141295
3356141300 3356141307
3357412864 3357413119
3358754816 3358756863
3360128512 3360129023
3362552540 3362552543
3373001472 3373001727
3373001984 3373002751
3373191424 3373191679
3373191936 3373192447
3373192704 3373194239
3373842688 3373843455
3373843712 3373844991
3373845248 3373845503
3373845760 3373846271
3389144064 3389145087
3391465984 3391466239
3393783552 3393783807
3394970624 3394971647
3397572864 3397573119
3400187904 3400188927
3400893104 3400893111
3400893168 3400893175
3400893184 3400893191
3400893840 3400893871
3401007104 3401011199
3406278144 3406278655
3406374912 3406376959
3406821632 3406821887
3406949632 3406949887
3406999552 3406999807
3407163136 3407163391
3407177728 3407177983
3407268608 3407268863
3407314944 3407315199
3407448832 3407449087
3407652864 3407653119
3407777536 3407777791
3407794944 3407795199
3408006912 3408007167
3409538560 3409538815
3409883392 3409883647
3410928384 3410928639
3414429696 3414433791
3415804928 3415805439
3416690688 3416694271
3422719062 3422719062
3422791424 3422791679
3422978176 3422978303
3423076352 3423077375
3423094784 3423095807
3423136000 3423136255
3423137024 3423137279
3423143936 3423145983
3423162368 3423163391
3423182848 3423184895
3423212544 3423213567
3423237120 3423238143
3423248384 3423250431
3423256576 3423257599
3423258624 3423260671
3423268864 3423269887
3423275008 3423277055
3423285248 3423287295
3423303680 3423304703
3423328768 3423329023
3423336448 3423337471
3423375360 3423379455
3423416320 3423417087
3423468544 3423469567
3423473664 3423474687
3423543296 3423543807
3423579136 3423580159
3423582208 3423586303
3423596544 3423597567
3423612672 3423612927
3423614976 3423615487
3423626240 3423627263
3423631363 3423631363
3423631514 3423631514
3423637504 3423639551
3423651840 3423653887
3423705600 3423705855
3423797504 3423801087
3423801344 3423807487
3423808000 3423827711
3423827968 3423838719
3423838976 3423848447
3423849984 3423850495
3423850752 3423853311
3423853568 3423854335
3423854848 3423858175
3423858688 3423858943
3423859456 3423859711
3423859968 3423862527
3424412416 3424412671
3424493824 3424494079
3424502528 3424502783
3424507136 3424507391
3425173504 3425304575
3425471488 3425472511
3425697792 3425699839
3425714176 3425722367
3425828864 3425894399
3426356992 3426357247
3426369024 3426369535
3426482688 3426484223
3426678272 3426679295
3426725120 3426725887
3426729472 3426729983
3426744320 3426746367
3427067648 3427067903
3427116544 3427117311
3427127296 3427127551
3427130368 3427130879
3427582976 3427583487
3427601920 3427602431
3427651072 3427651327
3427762432 3427762687
3427771648 3427771903
3427786752 3427787263
3427791872 3427792383
3427794944 3427796991
3427860480 3428057087
3428286720 3428286975
3428315904 3428316159
3428318976 3428319231
3428399360 3428399615
3428425216 3428425727
3428434944 3428435199
3428592640 3428593663
3428597760 3428597767
3428598112 3428598119
3428598320 3428598335
3428598368 3428598383
3428600322 3428600322
3428625152 3428625407
3428684800 3428685055
3429171200 3429236735
3429316352 3429316607
3429343232 3429343487
3429449984 3429450239
3429500928 3429502975
3429568000 3429568511
3429571584 3429572607
3429598720 3429598975
3429603584 3429603839
3429616640 3429616895
3429817600 3429817855
3429892096 3429957631
3430357264 3430357271
3430357528 3430357535
3430722304 3430722559
3430724608 3430725631
3430849536 3430850047
3431468032 3431469055
3431596288 3431602687
3431603200 3431606271
3431607808 3431608063
3431609344 3431609599
3431609856 3431614207
3431614720 3431614975
3431616512 3431620095
3431620608 3431620863
3431621376 3431621631
3431622400 3431622655
3431622912 3431623167
3431623680 3431623935
3431624192 3431624703
3431624960 3431625983
3431627264 3431630847
3431631360 3431633151
3431634688 3431634943
3431635200 3431638783
3431639552 3431641855
3431642624 3431643135
3431644160 3431644671
3431644928 3431657471
3431658752 3431659007
3431660032 3431660543
3431661056 3431661311
3432004608 3432005631
3432036608 3432036863
3432112640 3432112895
3432113408 3432113663
3432205312 3432206335
3432610560 3432610815
3432613632 3432613887
3432631808 3432632319
3432634112 3432634367
3432647936 3432648191
3432689152 3432689663
3432726272 3432726527
3432772352 3432772607
3432807424 3432808447
3432820336 3432820343
3433955584 3433956351
3433956864 3433959423
3433963520 3433964799
3433965056 3433966079
3433966336 3433967359
3433967616 3433968383
3433968640 3433980927
3433981184 3433981951
3433984000 3434012415
3434013696 3434014719
3434015232 3434020607
3434807552 3434810111
3434810368 3434829311
3434829568 3434831359
3434831616 3434833407
3434833664 3434834175
3434834432 3434840063
3434840576 3434842111
3434842368 3434842623
3434842880 3434872575
3435069440 3435134975
3435507200 3435511807
3436249344 3436251391
3436251648 3436252415
3436253184 3436255743
3436256256 3436257279
3436258048 3436261375
3436263424 3436265727
3436268288 3436270079
3436271104 3436278271
3436278528 3436282367
3436282624 3436283135
3436283392 3436288511
3436288768 3436289791
3436290048 3436292607
3436293120 3436296191
3436296704 3436296959
3436297728 3436312575
3436313088 3436314367
3436734464 3436736511
3436739584 3436740607
3436830464 3436830719
3437297920 3437301759
3437305856 3437307391
3437308928 3437310975
3437311488 3437312511
3437313024 3437314047
3437314304 3437317119
3437319168 3437322239
3437322496 3437323263
3437323776 3437325055
3437325312 3437328383
3437328640 3437328895
3437329664 3437329919
3437330432 3437330943
3437331456 3437331711
3437331968 3437332479
3437332736 3437334015
3437334272 3437334783
3437335552 3437336063
3437336320 3437336575
3437336832 3437338367
3437338624 3437341695
3437342208 3437343231
3437343488 3437346303
3437346560 3437350911
3437351680 3437353471
3437353728 3437354751
3437355264 3437356031
3437356544 3437358847
3437359104 3437428735
3437772800 3437776895
3437795112 3437795119
3437979904 3437980159
3438006272 3438010367
3438084096 3438116863
3438132560 3438132575
3438137184 3438137191
3438138160 3438138175
3438140556 3438140559
3438141920 3438141951
3438143156 3438143159
3438143168 3438143183
3438215424 3438215679
3438216192 3438217983
3438218240 3438218751
3438219264 3438219519
3438219776 3438221311
3438221568 3438246911
3438247168 3438251775
3438252032 3438252543
3438252800 3438261759
3438262016 3438267391
3438267904 3438268671
3438268928 3438280447
3438542848 3438608383
3447991552 3447991807
3448371456 3448371711
3448371968 3448372223
3448630272 3448631295
3448692736 3448694783
3448697617 3448697617
3448697663 3448697663
3448697732 3448697732
3448697739 3448697739
3448697817 3448697817
3449094144 3449096191
3449160448 3449160703
3449176354 3449176354
3449176356 3449176356
3449176362 3449176364
3449184256 3449184263
3449187113 3449187114
3449191200 3449191215
3449191392 3449191399
3449196328 3449196335
3449199424 3449199431
3449199488 3449199519
3449199566 3449199566
3449199568 3449199575
3449216336 3449216339
3449216498 3449216498
3449217216 3449217247
3449217264 3449217271
3449222506 3449222506
3449223032 3449223039
3449224720 3449224727
3449224912 3449224919
3449225033 3449225034
3449225040 3449225047
3449225472 3449254143
3449254912 3449271039
3449271296 3449273599
3449273856 3449278975
3449279488 3449290495
3449414656 3449415167
3449600224 3449600255
3449601024 3449601151
3449676288 3449676607
3449773056 3449773311
3449792768 3449793023
3450239744 3450239999
3450263040 3450263295
3450287616 3450288127
3450334720 3450335231
3450612480 3450612735
3450632192 3450634239
3450707968 3450710015
3450731520 3450732543
3450734080 3450734335
3450773504 3450777599
3450852352 3450853375
3451032576 3451032831
3451036416 3451036671
3451040256 3451040511
3451041792 3451042047
3451043584 3451043839
3451502592 3451502847
3451656192 3451657215
3451659264 3451660287
3451662336 3451663359
3451666432 3451669503
3451671552 3451672575
3451676672 3451677695
3451678720 3451679743
3451680768 3451681791
3451682816 3451683839
3451684864 3451685887
3451686912 3451687935
3451714560 3451715583
3451715840 3451724543
3451725312 3451726847
3451727360 3451737343
3451737600 3451740927
3451741184 3451741695
3451742208 3451744255
3451745536 3451749887
3451750144 3451756543
3451756800 3451766783
3451767296 3451767551
3451767808 3451776511
3451777024 3451780863
3451912192 3452174335
3452182528 3452186623
3452204544 3452204799
3452213504 3452213759
3452214016 3452214527
3452436480 3452502015
3452509696 3452510207
3452689408 3452690431
3452715008 3452723199
3452774018 3452774018
3452823552 3452823807
3452823912 3452823919
3452829478 3452829478
3452829696 3452895231
3452895488 3452902399
3452902656 3452912127
3452912384 3452914175
3452914432 3452914687
3452915200 3452916991
3452917760 3452919551
3452919808 3452920831
3452923392 3452923647
3452923904 3452924159
3452924416 3452929279
3452929536 3452931327
3452931584 3452933119
3452933632 3452933887
3452934144 3452934911
3452936192 3452938751
3452939520 3452941567
3452941824 3452942079
3452942336 3452942847
3452943104 3452949503
3452950016 3452953087
3452953344 3452958207
3453026560 3453028095
3453028352 3453028607
3453028864 3453029375
3453092096 3453093375
3453093888 3453096703
3453097984 3453099775
3453101312 3453102079
3453102336 3453108223
3453110016 3453111039
3453111808 3453119487
3453123584 3453123839
3453124096 3453128191
3453128448 3453128959
3453129216 3453129983
3453130240 3453133823
3453134848 3453139455
3453140992 3453149183
3453150208 3453151231
3453152000 3453154559
3453155072 3453155327
3453155584 3453157119
3453157632 3453158399
3453160192 3453160447
3453160960 3453163519
3453164032 3453178623
3453178880 3453180671
3453181440 3453190143
3453190400 3453192447
3453192704 3453195263
3453195520 3453196287
3453196800 3453206527
3453796352 3453800447
3453805824 3453806079
3454599424 3454599935
3454600192 3454601215
3454603008 3454603519
3454604288 3454604799
3454607360 3454608127
3454608384 3454609151
3454611456 3454617343
3454617600 3454617855
3454619648 3454622207
3454622720 3454629375
3454629888 3454631423
3454631936 3454632191
3454634496 3454634751
3454636032 3454636287
3454636544 3454636799
3454637056 3454639359
3454639616 3454645503
3454645760 3454652159
3454652928 3454661375
3454662656 3454664447
3454672896 3454681087
3454694144 3454694399
3454714112 3454714367
3454725120 3454725375
3454796032 3454800127
3454800384 3454801663
3454801920 3454808831
3454809088 3454809599
3454809856 3454810111
3454810368 3454813951
3454814208 3454814975
3454815232 3454815743
3454816256 3454816511
3454816768 3454821631
3454821888 3454822143
3454822400 3454828287
3454828544 3454829823
3454830080 3454835711
3454835968 3454838783
3454839040 3454854911
3454855168 3454855679
3454855936 3454861055
3454861568 3454867711
3454867968 3454881535
3454881792 3454885119
3454885376 3454885887
3454915072 3454926591
3455713280 3455778815
3456892928 3456958463
3457744896 3457756351
3457756384 3457756415
3457756672 3457777663
3457986560 3457987583
3458039808 3458043903
3458233344 3458234367
3458813952 3458818047
3458820096 3458820351
3459055616 3459121151
3459186688 3459252223
3459449344 3459450623
3459450880 3459456511
3459456768 3459457279
3459457536 3459457791
3459506432 3459506687
3459512320 3459513855
3459592192 3459596287
3459615744 3459615999
3459616768 3459620863
3459731456 3459735551
3460762368 3460762623
3460794624 3460794879
3460878336 3460878591
3460920334 3460920334
3461021696 3461087231
3461410048 3461410303
3461410560 3461414911
3461441536 3461441791
3461442560 3461442815
3461508608 3461509119
3461513984 3461514239
3461515008 3461515135
3461515776 3461516031
3461549824 3461550079
3461556224 3461556735
3461557760 3461558015
3461583872 3461584383
3461808128 3461873663
3463184384 3463192575
3463192832 3463194623
3463198720 3463199231
3463199488 3463213311
3463215104 3463241727
3463242240 3463242751
3463243264 3463243519
3463245056 3463245567
3463245824 3463247615
3463247872 3463249663
3463270144 3463270399
3463708672 3463774207
3464167680 3464169215
3464169472 3464171775
3464172032 3464173567
3464173824 3464175103
3464175360 3464180735
3464201472 3464201727
3464208384 3464216575
3464261632 3464265727
3464340480 3464341503
3464349696 3464351743
3464384512 3464388607
3464391936 3464392191
3464392704 3464392959
3464421632 3464421887
3464429312 3464429567
3464486912 3464495103
3464626432 3464626687
3464627968 3464628735
3464628992 3464630271
3464631296 3464635391
3464635648 3464635903
3464636160 3464637183
3464637440 3464639487
3464639744 3464641791
3464642560 3464642815
3464643072 3464644607
3464644864 3464647935
3464648192 3464648703
3464649216 3464649983
3464664320 3464684543
3464684800 3464688383
3464688640 3464691711
3464749056 3464757247
3464769536 3464773631
3464994304 3464994559
3466069056 3466069071
3466071808 3466072063
3466073056 3466073087
3466073600 3466073855
3466074944 3466074951
3466080256 3466080511
3466080548 3466080551
3466080556 3466080559
3466756096 3466772479
3466791936 3466792447
3466846208 3466854399
3467051008 3467051263
3467051520 3467053055
3467053568 3467058175
3467058688 3467059455
3467059712 3467063295
3467063552 3467064319
3467064576 3467068927
3467069440 3467116543
3467145472 3467145727
3467149312 3467150335
3467152896 3467153151
3467161088 3467161599
3467378688 3467444223
3467554816 3467567103
3467673600 3467681791
3467706368 3467902975
3467964416 3467968511
3468133376 3468134399
3468139264 3468139775
3468296192 3468361727
3468367872 3468369919
3468443648 3468460031
3468478976 3468479231
3468617728 3468619775
3468623872 3468640255
3468650496 3468656639
3469019392 3469019647
3469025024 3469025279
3469055744 3469055999
3469064192 3469064447
3469064704 3469064959
3469074176 3469074431
3469129728 3469132799
3469504000 3469504255
3469537280 3469539327
3469629440 3469629951
3469630976 3469631231
3469631744 3469632255
3469635328 3469635583
3469637888 3469638143
3469857536 3469857791
3469859072 3469859327
3469893632 3469901823
3469989888 3469990399
3470188640 3470188671
3470190185 3470190185
3470192640 3470196735
3470572544 3470575615
3470651392 3470655487
3470744064 3470744575
3470745856 3470746111
3470749952 3470750463
3470754048 3470754303
3470759936 3470770175
3470874624 3470875647
3471341824 3471342079
3471570944 3471572991
3472249344 3472249599
3472392192 3472408575
3472703488 3472707583
3472709632 3472710655
3472719872 3472723967
3473039360 3473039487
3473039552 3473039679
3473039712 3473039751
3473039760 3473039795
3473039800 3473039831
3473039840 3473039847
3473039864 3473039887
3473039904 3473039967
3473039984 3473040399
3473040408 3473040415
3473040432 3473040447
3473040472 3473040487
3473040496 3473040535
3473040544 3473040551
3473040560 3473040591
3473040600 3473040895
3473040904 3473040907
3473040912 3473040923
3473040928 3473040935
3473040948 3473040951
3473040956 3473040959
3473040964 3473040971
3473040976 3473040979
3473040984 3473040995
3473041000 3473041003
3473041012 3473041019
3473041024 3473041043
3473041048 3473041103
3473041112 3473041127
3473041136 3473041147
3473041160 3473041183
3473041196 3473041199
3473041204 3473041219
3473041224 3473041235
3473041240 3473041255
3473041260 3473041339
3473041376 3473041399
3473067008 3473068031
3473276928 3473342463
3473637376 3473653759
3474309120 3474311167
3474312448 3474312703
3474313216 3474313471
3474313728 3474313983
3474316288 3474316799
3474318336 3474319359
3474321152 3474321407
3474322432 3474322687
3474325504 3474335743
3474391040 3474456575
3475034368 3475034375
3475034392 3475034623
3475112192 3475113215
3475115008 3475120127
3475124224 3475243007
3475386368 3475390463
3475882432 3475882439
3475882448 3475882495
3475885952 3475886050
3475886056 3475886079
3475887552 3475887583
3475889152 3475889407
3475889536 3475889599
3475908152 3475908159
3475954648 3475954651
3475996672 3476029439
3476417536 3476418559
3476447232 3476455423
3476832256 3476840447
3476881408 3476946943
3477239808 3477240831
3477373056 3477373503
3477373568 3477377023
3478192128 3478257663
3478327296 3478331391
3478729216 3478729471
3478831104 3478832127
3478836224 3478837247
3478841344 3478842367
3479207936 3479240703
3479568384 3479633919
3479896064 3479961599
3480223744 3480256511
3480444928 3480449023
3480816896 3480817151
3480817220 3480817220
3480818944 3480819199
3480829696 3480829951
3480836096 3480836351
3480839936 3480840191
3481182464 3481182719
3481665536 3481731071
3481737984 3481738239
3481812992 3481829375
3482595328 3482599423
3482615808 3482632191
3483336704 3483344895
3483435008 3483533311
3483631616 3483697151
3483828224 3483836415
3483846656 3483847679
3483850752 3483851775
3483859456 3483859711
3483877376 3483893759
3484289280 3484292095
3484292352 3484292607
3484297216 3484297535
3484299520 3484299775
3484308480 3484308735
3484310528 3484311039
3484313600 3484314623
3484318720 3484319743
3484325888 3484326911
3484327424 3484327935
3484475904 3484476159
3484476672 3484476927
3484617738 3484617738
3484647424 3484663807
3484762112 3484778495
3484811264 3484815359
3484884992 3484893183
3485220864 3485229055
3485273088 3485273343
3485323264 3485335551
3485597696 3485695999
3485704192 3485712383
3485876480 3485876735
3485877504 3485877759
3485878784 3485892607
3485971968 3485972223
3486023680 3486031871
3486044064 3486044071
3486302208 3486310399
3486496512 3486496767
3486646272 3486662655
3487039488 3487105023
3487236096 3487301631
3487842304 3487858687
3487891456 3487907839
3487916544 3487917055
3487919616 3487920127
3488015360 3488015615
3488017106 3488017106
3488071680 3488072703
3488079872 3488083967
3488110080 3488110335
3488110787 3488110787
3488112640 3488120831
3488298122 3488298122
3488350208 3488415743
3488727040 3488727295
3488729088 3488730111
3488910336 3488911359
3488940032 3488956415
3488991232 3488993279
3488997376 3489005567
3489341440 3489345535
3489464320 3489529855
3492151296 3492167679
3492877955 3492877955
3493105664 3493105919
3493113856 3493114623
3493869568 3493871615
3493881856 3493882879
3493929984 3493931007
3493936128 3493937151
3493939200 3493941247
3493946368 3493947391
3493963776 3493964799
3493980160 3493981183
3493982208 3493984255
3493986304 3493987327
3493990400 3493991423
3494003712 3494004735
3494014976 3494017023
3494043648 3494045695
3494049792 3494051839
3494075392 3494076415
3494088704 3494090751
3494094848 3494095871
3494121472 3494122495
3494125568 3494126591
3494135808 3494136831
3494139904 3494141951
3494168576 3494170623
3494180864 3494181119
3494181632 3494181887
3494184960 3494187007
3494197248 3494198271
3494202368 3494203391
3494207488 3494208511
3494244352 3494246399
3494247424 3494251519
3494262784 3494264831
3494275072 3494277119
3494302720 3494303743
3494310912 3494311935
3494316032 3494317055
3494336512 3494337535
3494342656 3494344703
3494359040 3494360063
3494361088 3494362111
3494379264 3494379519
3494380544 3494381567
3494410240 3494412287
3494422528 3494425599
3494436864 3494437119
3494455296 3494456319
3494459392 3494460415
3494464512 3494465535
3494484992 3494486015
3494510592 3494512639
3494516736 3494517759
3494563840 3494565887
3494594560 3494595583
3494605824 3494606847
3494610944 3494611967
3494623232 3494625279
3494646784 3494647807
3494660096 3494661119
3494664192 3494665215
3494668288 3494670335
3494700032 3494701055
3494709760 3494710271
3494727680 3494729727
3494730752 3494731775
3494743040 3494744063
3494747136 3494748159
3494757376 3494758399
3494776832 3494777855
3494783232 3494783743
3494787072 3494789119
3494803456 3494805503
3494813184 3494813439
3494852608 3494854655
3494871296 3494871551
3494893568 3494894591
3494917120 3494918143
3494928384 3494930431
3494969344 3494972415
3494973440 3494974463
3494979584 3494981631
3495000064 3495001087
3495005440 3495005695
3495006208 3495007231
3495016960 3495017471
3495021568 3495022591
3495023616 3495024639
3495057408 3495059455
3495065600 3495066623
3495077888 3495078911
3495098368 3495100415
3495109632 3495109887
3495153664 3495155711
3495175168 3495176191
3495192576 3495193599
3495197696 3495198719
3495251968 3495254015
3495260160 3495261183
3495285760 3495288831
3495332864 3495333887
3495349248 3495350271
3495367680 3495368703
3495375872 3495376895
3495397376 3495398399
3495403520 3495404031
3495412736 3495413759
3495429120 3495430143
3495446272 3495446527
3495455744 3495456767
3495463936 3495464959
3495470080 3495471103
3495475200 3495477247
3495478272 3495479295
3495505920 3495506943
3495515136 3495515647
3495526400 3495527423
3495576576 3495577599
3495579648 3495581695
3495583744 3495585791
3495618560 3495619583
3495620608 3495622655
3495651328 3495651583
3495653376 3495654399
3495687168 3495689215
3495694336 3495696383
3495703552 3495704575
3495718912 3495721727
3495721984 3495723007
3495724032 3495727103
3495739392 3495740415
3495758336 3495758847
3495774208 3495776255
3495790592 3495791615
3495797760 3495798783
3495815168 3495817215
3495828480 3495829503
3495847936 3495849983
3495862272 3495864319
3495871488 3495872511
3495930880 3495931903
3495968768 3495985151
3496001536 3496017919
3496034304 3496050687
3496067072 3496067075
3496067088 3496067103
3496067120 3496067135
3496067176 3496067191
3496067304 3496067327
3496067608 3496067615
3496067640 3496067647
3496067884 3496067887
3496068112 3496068119
3496068144 3496068151
3496068424 3496068455
3496068632 3496068695
3496068736 3496068743
3496068784 3496068791
3496069012 3496069023
3496069032 3496069039
3496069280 3496069287
3496069296 3496069299
3496069336 3496069343
3496069480 3496069503
3496069536 3496069543
3496069996 3496069999
3496070064 3496070079
3496070084 3496070087
3496070128 3496070135
3496074504 3496074511
3496074600 3496074607
3496074612 3496074615
3496074624 3496074631
3496074672 3496074679
3496074728 3496074731
3496075072 3496075079
3496075136 3496075143
3496075160 3496075175
3496075208 3496075215
3496075264 3496075271
3496075344 3496075359
3496075384 3496075391
3496075504 3496075519
3496075704 3496075711
3496075720 3496075723
3496075728 3496075735
3496075840 3496075843
3496076024 3496076031
3496076324 3496076327
3496076344 3496076351
3496076368 3496076371
3496076544 3496076799
3496076940 3496076943
3496076976 3496076979
3496076992 3496076999
3496077144 3496077147
3496077248 3496077251
3496077344 3496077359
3496077536 3496077543
3496077772 3496077775
3496078048 3496078055
3496078204 3496078219
3496078848 3496079103
3496079388 3496079391
3496079736 3496079743
3496079760 3496079763
3496079772 3496079775
3496080024 3496080027
3496080048 3496080055
3496080184 3496080191
3496080240 3496080243
3496080408 3496080415
3496080432 3496080439
3496080464 3496080479
3496080608 3496080631
3496080896 3496080899
3496080928 3496080931
3496080968 3496080983
3496081068 3496081071
3496081176 3496081183
3496081304 3496081311
3496081568 3496081571
3496081576 3496081587
3496081704 3496081711
3496081784 3496081791
3496081888 3496081903
3496082032 3496082039
3496082104 3496082111
3496082260 3496082263
3496082388 3496082391
3496082412 3496082415
3496082476 3496082487
3496082704 3496082719
3496082736 3496082759
3496083140 3496083143
3496132608 3496148991
3496164096 3496164351
3496165120 3496165375
3496181760 3496189951
3496296448 3496312831
3496332544 3496332799
3496339456 3496339967
3496451584 3496452095
3496454912 3496455167
3496458240 3496458495
3496468480 3496476671
3496878080 3496882175
3496894464 3496902655
3496951808 3496959999
3497066496 3497082879
3497164800 3497181183
3497296142 3497296142
3497298000 3497298007
3497298012 3497298015
3497298076 3497298079
3497298192 3497298207
3497298256 3497298271
3497298640 3497298651
3497298704 3497298707
3497298816 3497298823
3497298868 3497298871
3497298928 3497298935
3497298944 3497299455
3497299992 3497300003
3497300080 3497300087
3497300144 3497300159
3497300288 3497300319
3497300336 3497300343
3497300432 3497300443
3497300524 3497300535
3497300708 3497300711
3497300892 3497300899
3497300912 3497300919
3497300952 3497300959
3497301392 3497301399
3497301772 3497301775
3497301984 3497301987
3497302020 3497302039
3497302048 3497302055
3497302064 3497302071
3497302084 3497302087
3497302232 3497302239
3497302264 3497302271
3497302528 3497302535
3497302560 3497302563
3497302584 3497302591
3497302664 3497302671
3497302744 3497302751
3497302768 3497302771
3497302776 3497302799
3497302824 3497302831
3497302884 3497302887
3497304064 3497304067
3497304120 3497304127
3497304136 3497304143
3497304348 3497304351
3497304360 3497304367
3497304552 3497304555
3497304656 3497304659
3497304704 3497304711
3497304716 3497304727
3497304736 3497304751
3497304784 3497304799
3497304864 3497304867
3497304936 3497304943
3497304956 3497304959
3497304976 3497304983
3497305308 3497305311
3497305376 3497305383
3497305536 3497305551
3497305680 3497305687
3497305800 3497305807
3497306188 3497306191
3497306216 3497306219
3497306224 3497306239
3497306312 3497306319
3497306352 3497306359
3497306556 3497306559
3497306608 3497306615
3497306624 3497306655
3497306800 3497306807
3497306884 3497306895
3497307200 3497307207
3497307264 3497307267
3497307520 3497307591
3497307656 3497307659
3497307680 3497307711
3497307920 3497307927
3497308052 3497308055
3497308064 3497308071
3497308160 3497308223
3497308256 3497308259
3497308336 3497308343
3497308520 3497308523
3497308696 3497308719
3497308768 3497308783
3497308920 3497308927
3497309056 3497309059
3497309164 3497309167
3497309204 3497309215
3497309340 3497309343
3497309360 3497309363
3497309760 3497309823
3497309832 3497309835
3497309984 3497309999
3497310080 3497310087
3497310120 3497310127
3497310136 3497310139
3497310144 3497310147
3497310468 3497310471
3497310688 3497310695
3497310952 3497310955
3497310976 3497310983
3497311008 3497311015
3497311256 3497311263
3497311360 3497311367
3497311512 3497311519
3497311784 3497311791
3497312128 3497312131
3497312228 3497312231
3497312480 3497312495
3497312544 3497312551
3497312600 3497312607
3497312888 3497312895
3497312988 3497312991
3497313184 3497313199
3497313224 3497313227
3497313472 3497313487
3497313896 3497313903
3497313916 3497313919
3497314244 3497314255
3497314752 3497314767
3497315840 3497315871
3497315896 3497315899
3497315944 3497315947
3497315968 3497315979
3497315984 3497315991
3497316068 3497316071
3497316136 3497316143
3497316168 3497316175
3497316312 3497316319
3497316456 3497316463
3497316540 3497316543
3497317136 3497317143
3497318400 3497318911
3497320560 3497320567
3497320752 3497320759
3497320816 3497320823
3497321408 3497321415
3497321544 3497321551
3497321568 3497321583
3497321620 3497321623
3497321856 3497321859
3497322524 3497322527
3497322536 3497322543
3497322628 3497322631
3497322736 3497322751
3497322776 3497322783
3497322788 3497322791
3497322960 3497322975
3497325808 3497325823
3497326016 3497326023
3497326844 3497326847
3497327148 3497327151
3497327188 3497327191
3497327284 3497327287
3497327400 3497327403
3497327408 3497327415
3497327472 3497327479
3497327584 3497327591
3497327600 3497327607
3497353030 3497353030
3497353077 3497353077
3497353197 3497353197
3497410560 3497431039
3497447424 3497451519
3497656320 3497657343
3497662464 3497663487
3497665024 3497665279
3497667680 3497667743
3497670656 3497670911
3497717760 3497721855
3497775104 3497775359
3497775616 3497778175
3497820160 3497852927
3498020864 3498021375
3498023936 3498024191
3498029568 3498029823
3498032129 3498032142
3498032145 3498032158
3498032161 3498032190
3498032193 3498032254
3498032257 3498032382
3498285899 3498285900
3501522944 3501588479
3501789696 3501789777
3501789779 3501789847
3501789856 3501789951
3501809920 3501810162
3501810164 3501810175
3501812576 3501812583
3501816732 3501816735
3501830648 3501830655
3501832048 3501832063
3501838336 3501839247
3501839256 3501839487
3501839616 3501840383
3501977414 3501977414
3506765824 3506831359
3507421184 3507445759
3507453952 3507486719
3507527168 3507527423
3507564544 3507565567
3507585024 3507601407
3507748864 3507765247
3507782144 3507782655
3508109312 3508112383
3508113408 3508114431
3508115456 3508120575
3508121600 3508123647
3508127744 3508128767
3508130816 3508131839
3508132864 3508133887
3508135936 3508137983
3508338688 3508404223
3508690944 3508695039
3508733440 3508748287
3508756992 3508757247
3508760576 3508760831
3508762112 3508762623
3508772608 3508772863
3508780544 3508781055
3508782080 3508782335
3508785152 3508789247
3508928512 3508929535
3508930560 3508932607
3509091111 3509091111
3509091173 3509091173
3509091293 3509091293
3509157888 3509166079
3509196800 3509197311
3509215232 3509223423
3509346304 3509354495
3509453312 3509453823
3509462272 3509462527
3509525472 3509525503
3509562368 3509562623
3509583104 3509583359
3509723136 3509727231
3509731328 3509739519
3509762816 3509763327
3509828096 3509828159
3509846016 3509977087
3509993472 3509997567
3510005760 3510009855
3510096384 3510096639
3510240592 3510240607
3510240744 3510240751
3510243328 3510243583
3510250760 3510250793
3510251008 3510251263
3510263296 3510263551
3510263616 3510263679
3510265088 3510265343
3510368256 3510368511
3510368768 3510369279
3510369792 3510370303
3510546432 3510550527
3510935552 3510943743
3511116544 3511117055
3511140352 3511156735
3511812096 3511818239
3511828480 3511844863
3512139776 3512156159
3512197120 3512205311
3512270848 3512336383
3512369152 3512385535
3512397824 3512401919
3512418304 3512451071
3512506368 3512508415
3512508672 3512508927
3512509440 3512509695
3512509952 3512510207
3512510720 3512510975
3512511232 3512511487
3512512512 3512512767
3512516352 3512516607
3512619520 3512620287
3512622592 3512622847
3512698816 3512698823
3512699856 3512699871
3512701952 3512702207
3512844288 3512852479
3513184256 3513186303
3513188352 3513204735
3513270272 3513286655
3513294848 3513303039
3513368576 3513376767
3513475072 3513483263
3513778176 3513795583
3514007552 3514040319
3514342688 3514342691
3514343120 3514343123
3514343152 3514343159
3514343168 3514343183
3514343200 3514343215
3514343428 3514343435
3514343448 3514343451
3514343456 3514343459
3514343464 3514343467
3514343576 3514343583
3514343636 3514343639
3514343700 3514343703
3514343708 3514343711
3514343904 3514343919
3514344040 3514344043
3514344192 3514344223
3514344360 3514344367
3514344448 3514344959
3514344964 3514345471
3514345492 3514345495
3514345640 3514345643
3514345744 3514345751
3514345788 3514345791
3514345948 3514345959
3514346168 3514346175
3514346316 3514346319
3514346336 3514346351
3514346372 3514346383
3514346396 3514346399
3514346416 3514346423
3514346432 3514346459
3514346560 3514346563
3514346592 3514346607
3514346624 3514346627
3514346632 3514346635
3514346832 3514346855
3514346864 3514346887
3514346896 3514346903
3514346912 3514346915
3514347052 3514347055
3514347120 3514347135
3514347188 3514347191
3514347280 3514347287
3514347296 3514347303
3514347312 3514347319
3514347328 3514347351
3514347368 3514347375
3514347416 3514347423
3514347440 3514347455
3514347488 3514347495
3514347552 3514347567
3514347640 3514347655
3514348056 3514348063
3514348076 3514348083
3514348192 3514348223
3514348232 3514348239
3514348368 3514348371
3514348584 3514348591
3514348680 3514348687
3514348988 3514348991
3514349004 3514349015
3514349048 3514349063
3514349128 3514349131
3514349144 3514349147
3514349152 3514349159
3514349216 3514349223
3514349300 3514349303
3514349332 3514349335
3514349416 3514349423
3514349536 3514349543
3514349792 3514349799
3514350064 3514350071
3514350248 3514350255
3514350296 3514350299
3514350596 3514350599
3514350608 3514350611
3514350616 3514350631
3514350640 3514350647
3514350664 3514350671
3514350728 3514350735
3514350768 3514350783
3514350976 3514350983
3514351000 3514351007
3514351080 3514351087
3514351144 3514351159
3514351176 3514351183
3514351204 3514351207
3514351240 3514351247
3514351312 3514351323
3514351344 3514351351
3514351452 3514351455
3514351624 3514351631
3514352096 3514352103
3514352224 3514352239
3514352272 3514352279
3514352304 3514352307
3514352384 3514352399
3514355312 3514355327
3514355456 3514355463
3514355680 3514355687
3514355824 3514355831
3514355864 3514355871
3514356024 3514356031
3514356040 3514356047
3514356076 3514356079
3514356344 3514356347
3514356384 3514356391
3514356536 3514356543
3514356552 3514356559
3514356632 3514356635
3514356884 3514356887
3514356936 3514356943
3514356968 3514356975
3514357064 3514357071
3514358640 3514358647
3514359812 3514359815
3514359872 3514359879
3514359912 3514359915
3514360160 3514360175
3514360192 3514360199
3514360704 3514360711
3514360776 3514360779
3514361384 3514361407
3514361464 3514361471
3514361520 3514361527
3514361776 3514361783
3514361960 3514361967
3514362168 3514362175
3514362292 3514362295
3514362336 3514362343
3514362432 3514362455
3514362560 3514362599
3514362616 3514362619
3514362764 3514362767
3514362976 3514362979
3514362984 3514363007
3514363024 3514363031
3514363144 3514363151
3514363600 3514363607
3514363836 3514363839
3514364140 3514364143
3514364160 3514364223
3514364268 3514364271
3514364472 3514364487
3514364496 3514364503
3514364608 3514364615
3514366364 3514366367
3514366448 3514366451
3514366984 3514366991
3514367120 3514367135
3514367224 3514367227
3514367232 3514367239
3514367376 3514367383
3514367552 3514367555
3514367576 3514367583
3514367656 3514367663
3514367704 3514367711
3514367760 3514367775
3514367784 3514367787
3514367824 3514367827
3514367856 3514367871
3514367888 3514367895
3514367916 3514367935
3514368000 3514433535
3514715136 3514715391
3514761216 3514773759
3514774016 3514777343
3514779648 3514781695
3514785792 3514786815
3514787840 3514793983
3514796032 3514796799
3514797568 3514802175
3514806272 3514809855
3514810112 3514810623
3514810880 3514811135
3514811392 3514811647
3514811904 3514812159
3514817024 3514817279
3514818304 3514818559
3514819584 3514820095
3514823168 3514824191
3514825728 3514826239
3514826752 3514843135
3515211776 3515219967
3515301888 3515318271
3515463936 3515464703
3515596800 3515613183
3515700736 3515700991
3515705855 3515705855
3515707156 3515707156
3515711488 3515731967
3515744256 3515760639
3515765760 3515766783
3515768832 3515769855
3515771904 3515772927
3515950080 3515951103
3515965440 3515973631
3515990016 3516006399
3516039168 3516071935
3516170240 3516203007
3516334080 3516342271
3516358656 3516359679
3516364800 3516365055
3516366848 3516370943
3516514304 3516530687
3516903424 3516907519
3517014016 3517016063
3517038592 3517054975
3517095936 3517100031
3517107712 3517107967
3517112320 3517120511
3517136896 3517145087
3517149952 3517150207
3517385280 3517385295
3517390378 3517390378
3517546496 3517562879
3517595696 3517595703
3517595832 3517595839
3517596352 3517596359
3517597296 3517597303
3517597392 3517597399
3517597440 3517597695
3517597800 3517597807
3517598208 3517598215
3517599216 3517599223
3517599272 3517599279
3517599960 3517599975
3517600952 3517600959
3517601328 3517601335
3517601528 3517601535
3517601936 3517601943
3517602672 3517602679
3517602928 3517602935
3517603152 3517603159
3517603224 3517603231
3517603680 3517603687
3517605312 3517605375
3517605664 3517605671
3517609760 3517609767
3517609784 3517609791
3517644800 3517710335
3517715456 3517716479
3517718528 3517726719
3518062592 3518066687
3518166528 3518166783
3518422272 3518422527
3518424064 3518425087
3518431232 3518439423
3518464000 3518472191
3519234048 3519250431
3519279104 3519280127
3519281152 3519283199
3519320320 3519320575
3519322112 3519324159
3519335424 3519336447
3519340544 3519344639
3519381504 3519397887
3519606528 3519606783
3519608320 3519608831
3519676416 3519709183
3519725568 3519733759
3519830016 3519832063
3519856640 3519868927
3519889408 3519901695
3519922176 3519930367
3519933440 3519933951
3519934464 3519938559
3519967232 3519969279
3519971072 3519971327
3520020480 3520036863
3520135168 3520135679
3520137216 3520138239
3520143360 3520144383
3520153088 3520153599
3520154112 3520154367
3520157696 3520157951
3520158720 3520159743
3520164864 3520165887
3520166912 3520167167
3520421888 3520430079
3520454656 3520462847
3520618496 3520634879
3520675840 3520692223
3520937984 3520954367
3520999424 3521003519
3521006592 3521006847
3521016320 3521016831
3521028096 3521032191
3521044480 3521048575
3521216512 3521232895
3521249280 3521314815
3521347584 3521363967
3521838336 3521838591
3521871872 3521880063
3521954816 3521955071
3521956352 3521956607
3521957120 3521957375
3521957888 3521958143
3521960704 3521961215
3521961728 3521961983
3522101248 3522109439
3522195456 3522199551
3522354944 3522355199
3522536540 3522536543
3522782304 3522782305
3522854912 3522871295
3522893824 3522894847
3522950656 3522951167
3557774848 3557775103
3558879232 3558879487
3559277568 3559277823
3559859200 3559859455
3559871744 3559871999
3560103936 3560112127
3560452352 3560452607
3560453120 3560453375
3560704064 3560704079
3561326336 3561326591
3562430464 3562430719
3562433024 3562433279
3563621376 3563621887
3563635456 3563635711
3563637504 3563637759
3563638016 3563638271
3563640576 3563640831
3564350584 3564350591
3567424512 3567425535
3569419776 3569420031
3575645447 3575645447
3584726784 3584727039
3585327104 3585328127
3585334272 3585334783
3585860608 3585861119
3587899136 3587899391
3588552504 3588552511
3590238976 3590239231
3590308096 3590308607
3590308864 3590309119
3590309632 3590309887
3590310912 3590311167
3590311680 3590311935
3590312192 3590312447
3624272448 3624272463
3624272472 3624272479
3624274944 3624275199
3624284416 3624284741
3624285712 3624285716
3624285718 3624285719
3624285744 3624285761
3624286208 3624286463
3624296960 3624297215
3624301056 3624301567
3624302272 3624302591
3624321024 3624325119
3624359936 3624360959
3624386560 3624394751
3624435712 3624452095
3624480768 3624484863
3624529920 3624534015
3624551680 3624551935
3624592384 3624593919
3624730624 3624751359
3624755200 3624759295
3624763392 3624796159
3624828928 3624833023
3624984576 3624992767
3625058304 3625091071
3625140224 3625148415
3625168896 3625172991
3625242624 3625246719
3625287680 3625295871
3625314560 3625314815
3625418752 3625422847
3625460224 3625460479
3625467648 3625467903
3625496576 3625500671
3625518080 3625520127
3625521152 3625523199
3625525248 3625528319
3625534464 3625538559
3625545728 3625548799
3625578496 3625582591
3625631744 3625639935
3625646592 3625647103
3626270720 3626287103
3626332160 3626336255
3626411776 3626412031
3626428416 3626430463
3626491904 3626492927
3626498560 3626498815
3626499072 3626500095
3626508288 3626512383
3626516480 3626516991
3626519552 3626520575
3626521600 3626522623
3626524672 3626532863
3626614272 3626614527
3626852352 3626860543
3626893312 3626905599
3626926080 3626934271
3627044864 3627048959
3627065344 3627069439
3627343360 3627343615
3627507712 3627511807
3627516928 3627517951
3627520000 3627524095
3627527168 3627528191
3627531264 3627544575
3627659264 3627663359
3627667562 3627667562
3627667565 3627667565
3627679744 3627712511
3627802624 3627810815
3628138496 3628171263
3628179456 3628187647
3628206080 3628206335
3628210242 3628210242
3628213408 3628213503
3628213816 3628213819
3628220736 3628220799
3628232296 3628232303
3628236800 3628257279
3628552192 3628556287
3628558080 3628558847
3628561408 3628561663
3628562432 3628562687
3628564496 3628564499
3628580864 3628589055
3628679168 3628683263
3628696576 3628697599
3628704256 3628704511
3628704768 3628705791
3628707840 3628708863
3628834816 3628843007
3629187072 3629195263
3629199360 3629203455
3629318144 3629326335
3629332224 3629332287
3629539328 3629547519
3629580288 3629580543
3629587456 3629587711
3629592064 3629592575
3629636608 3629637375
3630041344 3630041599
3630049280 3630049535
3630050048 3630050303
3630057486 3630057486
3630057490 3630057490
3630057628 3630057631
3630165504 3630165759
3630293760 3630294015
3630313472 3630317567
3630374912 3630383103
3630391296 3630395391
3630416896 3630417407
3630417920 3630418175
3630418432 3630418943
3630718976 3630727167
3630780416 3630784511
3630850048 3630854143
3630956544 3631005695
3631144960 3631153151
3631284224 3631316991
3631333376 3631341567
3631366400 3631366655
3631462144 3631462399
3631513856 3631514367
3631515648 3631516671
3631644672 3631652863
3631665152 3631669247
3631726592 3631728639
3631784448 3631784959
3631786496 3631787007
3631788032 3631788543
3631789824 3631790079
3631791360 3631792127
3631792640 3631793151
3631793664 3631794175
3631795200 3631795711
3631841280 3631874047
3631875072 3631876095
3631878144 3631880191
3631881216 3631881471
3631886336 3631890431
3631900672 3631901695
3631906816 3631912959
3631939584 3631972351
3631980544 3631984639
3631988736 3632005119
3632146944 3632147455
3632148224 3632148479
3632152576 3632168959
3632187392 3632188415
3632197632 3632201727
3632312320 3632316415
3632332800 3632349183
3632376320 3632377343
3632381952 3632390143
3632414720 3632422911
3632440320 3632440575
3632443904 3632444159
3632451584 3632455679
3632494080 3632494335
3632881664 3632889855
3632898048 3632902143
3632971776 3632988159
3633008640 3633009663
3633010688 3633010943
3633344512 3633348607
3633405952 3633410047
3633449984 3633451007
3633454080 3633455103
3633479680 3633483775
3633569280 3633569535
3633709056 3633709311
3633709568 3633710335
3633713408 3633713663
3633714176 3633714687
3633716480 3633716735
3633783552 3633783807
3633858304 3633858559
3633872896 3633876991
3633877760 3633878015
3633889280 3633893375
3633971200 3634020351
3634050560 3634050815
3634167808 3634168063
3634169856 3634170623
3634171904 3634172415
3634172928 3634173183
3634173696 3634178047
3634178304 3634178559
3634184192 3634196479
3634206720 3634207743
3634511872 3634515967
3634552832 3634556927
3634609408 3634609663
3634741248 3634749439
3634880512 3634888703
3634905108 3634905111
3634913280 3634921471
3634925568 3634929663
3634991360 3634991615
3634993152 3634993407
3635015680 3635015935
3635047424 3635048447
3635049728 3635050495
3635051264 3635051775
3635052032 3635052287
3635109888 3635113983
3635142912 3635143167
3635143680 3635144447
3635144966 3635144966
3635144968 3635144968
3635144992 3635145023
3635145728 3635145983
3635146240 3635146751
3635159040 3635163135
3635236864 3635237375
3635298304 3635322879
3635423232 3635424511
3635426693 3635426693
3635691520 3635695615
3635699712 3635701759
3635704064 3635704319
3635704832 3635705855
3635706880 3635707135
3635709952 3635710463
3635736576 3635737087
3635740672 3635740927
3635741440 3635765759
3635768576 3635781119
3635783168 3635799551
3635800064 3635804159
3635804672 3635806207
3635871744 3635879935
3635892224 3635896319
3635897344 3635897855
3635898880 3635899391
3635902464 3635902719
3635904512 3635912703
3636019200 3636027391
3636064256 3636068351
3636150272 3636166655
3636396032 3636430335
3636430592 3636461567
3636609024 3636611071
3636612096 3636613119
3636811776 3636813311
3636822016 3636854783
3636887552 3636895743
3636914944 3636915199
3636987783 3636987783
3636991248 3636991263
3637025440 3637025455
3637027796 3637027797
3637161036 3637161036
3637161472 3637161727
3637166336 3637166591
3637175808 3637176063
3637180672 3637180927
3637182208 3637182463
3637186304 3637186559
3637346304 3637350399
3637510144 3637641215
3637665792 3637669887
3637706752 3637739519
3637757440 3637758975
3637762560 3637762815
3637763072 3637764095
3637821440 3637829631
3638165504 3638181887
3638304768 3638312959
3638350336 3638350591
3638370304 3638386687
3638401088 3638401119
3638500352 3638501375
3638509568 3638534143
3638609408 3638609919
3638697984 3638706175
3638809600 3638810623
3638874112 3638878207
3638954496 3638955007
3638999040 3639000063
3639083008 3639148543
3639222272 3639230463
3639255040 3639259135
3639261184 3639264255
3639265792 3639266047
3639279616 3639283711
3639332864 3639333887
3639484416 3639487487
3639491584 3639492607
3639533568 3639537663
3639550224 3639550239
3639555856 3639555863
3639556008 3639556015
3639558144 3639566335
3639607296 3639611391
3639639040 3639640063
3639664640 3639668735
3639701504 3639705599
3639730176 3639734271
3639980032 3639980543
3640008448 3640008703
3640014080 3640014847
3640015104 3640015359
3640057856 3640066047
3640083456 3640084479
3640085504 3640085759
3640094720 3640095231
3640123392 3640125439
3640126720 3640127231
3640130560 3640131071
3640131328 3640131583
3640197120 3640201215
3640209408 3640213503
3640324096 3640325119
3640336384 3640340479
3640360960 3640369151
3640410112 3640418303
3640446976 3640449023
3640557568 3640582143
3641420800 3641421311
3642068480 3642068735
3642497024 3642499071
3644933632 3644933887
3644950272 3644950527
3645863424 3645863679
3648136960 3648137215
3648487936 3648488191
3649751040 3649751295
3649754368 3649754623
3652538368 3652539391
3653403136 3653403647
3653404672 3653405183
3653405440 3653405695
3653406720 3653406975
3653408512 3653409023
3653591296 3653591551
3654059008 3654060031
3654839040 3654839295
3654844160 3654844415
3654904064 3654904319
3743263744 3743264767
3752133632 3752134143
